-- HIBERNATE SPECIAL IMPORT AFTER ALL THE SCHEMAS HAVE BEEN SET FROM 'schema.sql' AND THE TABLES HAVE BEEN CREATED AUTOMATICALLY
-- SUPPORTS ONLY INLINE STRINGS!
-- TO ALLOW HIBERNATE READ MULTILINES SQL STATEMENTS ADD TO THE SPRING BOOT application.properties:
-- spring.jpa.properties.hibernate.hbm2ddl.import_files_sql_extractor=org.hibernate.tool.hbm2ddl.MultipleLinesSqlCommandExtractor

-- INTERNAL_AUTHORITIES: 100-120
-- INTERNAL_AUTHORITY_PERMISSIONS: 140-170
-- WORKSHOP_ENTITY_TYPE: 200-230

-- CREATE SCHEMA IF NOT EXISTS INTERNAL;
-- CREATE SCHEMA IF NOT EXISTS EXTERNAL;

INSERT INTO INTERNAL.WORKSHOP_ENTITY_TYPE (ID, NAME, CREATED)
VALUES (200, 'AuthorityPermission', CURRENT_TIMESTAMP());
INSERT INTO INTERNAL.WORKSHOP_ENTITY_TYPE (ID, NAME, CREATED)
VALUES (201, 'Classifier', CURRENT_TIMESTAMP());
INSERT INTO INTERNAL.WORKSHOP_ENTITY_TYPE (ID, NAME, CREATED)
VALUES (202, 'Department', CURRENT_TIMESTAMP());
INSERT INTO INTERNAL.WORKSHOP_ENTITY_TYPE (ID, NAME, CREATED)
VALUES (203, 'Employee', CURRENT_TIMESTAMP());
INSERT INTO INTERNAL.WORKSHOP_ENTITY_TYPE (ID, NAME, CREATED)
VALUES (204, 'ExternalAuthority', CURRENT_TIMESTAMP());
INSERT INTO INTERNAL.WORKSHOP_ENTITY_TYPE (ID, NAME, CREATED)
VALUES (205, 'InternalAuthority', CURRENT_TIMESTAMP());
INSERT INTO INTERNAL.WORKSHOP_ENTITY_TYPE (ID, NAME, CREATED)
VALUES (206, 'Order', CURRENT_TIMESTAMP());
INSERT INTO INTERNAL.WORKSHOP_ENTITY_TYPE (ID, NAME, CREATED)
VALUES (207, 'Phone', CURRENT_TIMESTAMP());
INSERT INTO INTERNAL.WORKSHOP_ENTITY_TYPE (ID, NAME, CREATED)
VALUES (208, 'Position', CURRENT_TIMESTAMP());
INSERT INTO INTERNAL.WORKSHOP_ENTITY_TYPE (ID, NAME, CREATED)
VALUES (209, 'Task', CURRENT_TIMESTAMP());
INSERT INTO INTERNAL.WORKSHOP_ENTITY_TYPE (ID, NAME, CREATED)
VALUES (210, 'User', CURRENT_TIMESTAMP());
INSERT INTO INTERNAL.WORKSHOP_ENTITY_TYPE (ID, NAME, CREATED)
VALUES (211, 'WorkshopEntityType', CURRENT_TIMESTAMP());


INSERT INTO INTERNAL.INTERNAL_AUTHORITIES (ID, CREATED, NAME, DESCRIPTION)
VALUES (101, CURRENT_TIMESTAMP(), 'ADMIN_READ', 'WorkshopEntities with READ permission for this InternalAuthority');

INSERT INTO INTERNAL.INTERNAL_AUTHORITIES (ID, CREATED, NAME, DESCRIPTION)
VALUES (102, CURRENT_TIMESTAMP(), 'ADMIN_WRITE', 'WorkshopEntities with WRITE permission for this InternalAuthority');

INSERT INTO INTERNAL.INTERNAL_AUTHORITIES (ID, CREATED, NAME, DESCRIPTION)
VALUES (103, CURRENT_TIMESTAMP(), 'ADMIN_FULL', 'WorkshopEntities with FULL permission for this InternalAuthority');

INSERT INTO INTERNAL.INTERNAL_AUTHORITIES (ID, CREATED, NAME, DESCRIPTION)
VALUES (104, CURRENT_TIMESTAMP(), 'WORKSHOP_READ', 'WorkshopEntities with READ permission for this InternalAuthority');

INSERT INTO INTERNAL.INTERNAL_AUTHORITIES (ID, CREATED, NAME, DESCRIPTION)
VALUES (105, CURRENT_TIMESTAMP(), 'WORKSHOP_WRITE',
        'WorkshopEntities with WRITE permission for this InternalAuthority');

INSERT INTO INTERNAL.INTERNAL_AUTHORITIES (ID, CREATED, NAME, DESCRIPTION)
VALUES (106, CURRENT_TIMESTAMP(), 'WORKSHOP_FULL', 'WorkshopEntities with FULL permission for this InternalAuthority');

INSERT INTO INTERNAL.INTERNAL_AUTHORITIES (ID, CREATED, NAME, DESCRIPTION)
VALUES (107, CURRENT_TIMESTAMP(), 'HR_READ', 'WorkshopEntities with READ permission for this InternalAuthority');

INSERT INTO INTERNAL.INTERNAL_AUTHORITIES (ID, CREATED, NAME, DESCRIPTION)
VALUES (108, CURRENT_TIMESTAMP(), 'HR_WRITE', 'WorkshopEntities with WRITE permission for this InternalAuthority');

INSERT INTO INTERNAL.INTERNAL_AUTHORITIES (ID, CREATED, NAME, DESCRIPTION)
VALUES (109, CURRENT_TIMESTAMP(), 'HR_FULL', 'WorkshopEntities with FULL permission for this InternalAuthority');

INSERT INTO INTERNAL.INTERNAL_AUTHORITIES (ID, CREATED, NAME, DESCRIPTION)
VALUES (110, CURRENT_TIMESTAMP(), 'EMPLOYEE_READ',
        'Basic permission as the marker for being employed. HAS TO BE PRESENT AT ALL THE POSITIONS!!!');

--

INSERT INTO INTERNAL.AUTHORITY_PERMISSIONS (ID, PERMISSION_TYPE, INTERNAL_AUTHORITY_ID, CREATED, DESCRIPTION)
VALUES (140, 'GET', 101, CURRENT_TIMESTAMP(), 'For ADMIN_READ');

INSERT INTO INTERNAL.AUTHORITY_PERMISSIONS (ID, PERMISSION_TYPE, INTERNAL_AUTHORITY_ID, CREATED, DESCRIPTION)
VALUES (141, 'GET', 102, CURRENT_TIMESTAMP(), 'For ADMIN_WRITE');
INSERT INTO INTERNAL.AUTHORITY_PERMISSIONS (ID, PERMISSION_TYPE, INTERNAL_AUTHORITY_ID, CREATED, DESCRIPTION)
VALUES (142, 'PUT', 102, CURRENT_TIMESTAMP(), 'For ADMIN_WRITE');

INSERT INTO INTERNAL.AUTHORITY_PERMISSIONS (ID, PERMISSION_TYPE, INTERNAL_AUTHORITY_ID, CREATED, DESCRIPTION)
VALUES (143, 'GET', 103, CURRENT_TIMESTAMP(), 'For ADMIN_FULL');
INSERT INTO INTERNAL.AUTHORITY_PERMISSIONS (ID, PERMISSION_TYPE, INTERNAL_AUTHORITY_ID, CREATED, DESCRIPTION)
VALUES (144, 'PUT', 103, CURRENT_TIMESTAMP(), 'For ADMIN_FULL');
INSERT INTO INTERNAL.AUTHORITY_PERMISSIONS (ID, PERMISSION_TYPE, INTERNAL_AUTHORITY_ID, CREATED, DESCRIPTION)
VALUES (145, 'POST', 103, CURRENT_TIMESTAMP(), 'For ADMIN_FULL');
INSERT INTO INTERNAL.AUTHORITY_PERMISSIONS (ID, PERMISSION_TYPE, INTERNAL_AUTHORITY_ID, CREATED, DESCRIPTION)
VALUES (160, 'DELETE', 103, CURRENT_TIMESTAMP(), 'For ADMIN_FULL');

INSERT INTO INTERNAL.AUTHORITY_PERMISSIONS (ID, PERMISSION_TYPE, INTERNAL_AUTHORITY_ID, CREATED, DESCRIPTION)
VALUES (146, 'GET', 104, CURRENT_TIMESTAMP(), 'For WORKSHOP_READ');

INSERT INTO INTERNAL.AUTHORITY_PERMISSIONS (ID, PERMISSION_TYPE, INTERNAL_AUTHORITY_ID, CREATED, DESCRIPTION)
VALUES (147, 'GET', 105, CURRENT_TIMESTAMP(), 'For WORKSHOP_WRITE');
INSERT INTO INTERNAL.AUTHORITY_PERMISSIONS (ID, PERMISSION_TYPE, INTERNAL_AUTHORITY_ID, CREATED, DESCRIPTION)
VALUES (148, 'PUT', 105, CURRENT_TIMESTAMP(), 'For WORKSHOP_WRITE');

INSERT INTO INTERNAL.AUTHORITY_PERMISSIONS (ID, PERMISSION_TYPE, INTERNAL_AUTHORITY_ID, CREATED, DESCRIPTION)
VALUES (149, 'GET', 106, CURRENT_TIMESTAMP(), 'For WORKSHOP_FULL');
INSERT INTO INTERNAL.AUTHORITY_PERMISSIONS (ID, PERMISSION_TYPE, INTERNAL_AUTHORITY_ID, CREATED, DESCRIPTION)
VALUES (150, 'PUT', 106, CURRENT_TIMESTAMP(), 'For WORKSHOP_FULL');
INSERT INTO INTERNAL.AUTHORITY_PERMISSIONS (ID, PERMISSION_TYPE, INTERNAL_AUTHORITY_ID, CREATED, DESCRIPTION)
VALUES (151, 'POST', 106, CURRENT_TIMESTAMP(), 'For WORKSHOP_FULL');
INSERT INTO INTERNAL.AUTHORITY_PERMISSIONS (ID, PERMISSION_TYPE, INTERNAL_AUTHORITY_ID, CREATED, DESCRIPTION)
VALUES (161, 'DELETE', 106, CURRENT_TIMESTAMP(), 'For WORKSHOP_FULL');

INSERT INTO INTERNAL.AUTHORITY_PERMISSIONS (ID, PERMISSION_TYPE, INTERNAL_AUTHORITY_ID, CREATED, DESCRIPTION)
VALUES (152, 'GET', 107, CURRENT_TIMESTAMP(), 'For HR_READ');

INSERT INTO INTERNAL.AUTHORITY_PERMISSIONS (ID, PERMISSION_TYPE, INTERNAL_AUTHORITY_ID, CREATED, DESCRIPTION)
VALUES (153, 'GET', 108, CURRENT_TIMESTAMP(), 'For HR_WRITE');
INSERT INTO INTERNAL.AUTHORITY_PERMISSIONS (ID, PERMISSION_TYPE, INTERNAL_AUTHORITY_ID, CREATED, DESCRIPTION)
VALUES (154, 'PUT', 108, CURRENT_TIMESTAMP(), 'For HR_WRITE');

INSERT INTO INTERNAL.AUTHORITY_PERMISSIONS (ID, PERMISSION_TYPE, INTERNAL_AUTHORITY_ID, CREATED, DESCRIPTION)
VALUES (155, 'GET', 109, CURRENT_TIMESTAMP(), 'For HR_FULL');
INSERT INTO INTERNAL.AUTHORITY_PERMISSIONS (ID, PERMISSION_TYPE, INTERNAL_AUTHORITY_ID, CREATED, DESCRIPTION)
VALUES (156, 'PUT', 109, CURRENT_TIMESTAMP(), 'For HR_FULL');
INSERT INTO INTERNAL.AUTHORITY_PERMISSIONS (ID, PERMISSION_TYPE, INTERNAL_AUTHORITY_ID, CREATED, DESCRIPTION)
VALUES (157, 'POST', 109, CURRENT_TIMESTAMP(), 'For HR_FULL');
INSERT INTO INTERNAL.AUTHORITY_PERMISSIONS (ID, PERMISSION_TYPE, INTERNAL_AUTHORITY_ID, CREATED, DESCRIPTION)
VALUES (162, 'DELETE', 109, CURRENT_TIMESTAMP(), 'For HR_FULL');

INSERT INTO INTERNAL.AUTHORITY_PERMISSIONS (ID, PERMISSION_TYPE, INTERNAL_AUTHORITY_ID, CREATED, DESCRIPTION)
VALUES (158, 'GET', 110, CURRENT_TIMESTAMP(), 'For EMPLOYEE_READ');

--

-- GET ADMIN_READ
INSERT INTO INTERNAL.AUTHORITY_PERMISSIONS_TO_WORKSHOP_ENTITY_TYPES (WORKSHOP_ENTITY_TYPE_ID, AUTHORITY_PERMISSION_ID)
VALUES ( 200, 140 );
INSERT INTO INTERNAL.AUTHORITY_PERMISSIONS_TO_WORKSHOP_ENTITY_TYPES (WORKSHOP_ENTITY_TYPE_ID, AUTHORITY_PERMISSION_ID)
VALUES ( 201, 140 );
INSERT INTO INTERNAL.AUTHORITY_PERMISSIONS_TO_WORKSHOP_ENTITY_TYPES (WORKSHOP_ENTITY_TYPE_ID, AUTHORITY_PERMISSION_ID)
VALUES ( 202, 140 );
INSERT INTO INTERNAL.AUTHORITY_PERMISSIONS_TO_WORKSHOP_ENTITY_TYPES (WORKSHOP_ENTITY_TYPE_ID, AUTHORITY_PERMISSION_ID)
VALUES ( 203, 140 );
INSERT INTO INTERNAL.AUTHORITY_PERMISSIONS_TO_WORKSHOP_ENTITY_TYPES (WORKSHOP_ENTITY_TYPE_ID, AUTHORITY_PERMISSION_ID)
VALUES ( 204, 140 );
INSERT INTO INTERNAL.AUTHORITY_PERMISSIONS_TO_WORKSHOP_ENTITY_TYPES (WORKSHOP_ENTITY_TYPE_ID, AUTHORITY_PERMISSION_ID)
VALUES ( 205, 140 );
INSERT INTO INTERNAL.AUTHORITY_PERMISSIONS_TO_WORKSHOP_ENTITY_TYPES (WORKSHOP_ENTITY_TYPE_ID, AUTHORITY_PERMISSION_ID)
VALUES ( 206, 140 );
INSERT INTO INTERNAL.AUTHORITY_PERMISSIONS_TO_WORKSHOP_ENTITY_TYPES (WORKSHOP_ENTITY_TYPE_ID, AUTHORITY_PERMISSION_ID)
VALUES ( 207, 140 );
INSERT INTO INTERNAL.AUTHORITY_PERMISSIONS_TO_WORKSHOP_ENTITY_TYPES (WORKSHOP_ENTITY_TYPE_ID, AUTHORITY_PERMISSION_ID)
VALUES ( 208, 140 );
INSERT INTO INTERNAL.AUTHORITY_PERMISSIONS_TO_WORKSHOP_ENTITY_TYPES (WORKSHOP_ENTITY_TYPE_ID, AUTHORITY_PERMISSION_ID)
VALUES ( 209, 140 );
INSERT INTO INTERNAL.AUTHORITY_PERMISSIONS_TO_WORKSHOP_ENTITY_TYPES (WORKSHOP_ENTITY_TYPE_ID, AUTHORITY_PERMISSION_ID)
VALUES ( 210, 140 );
INSERT INTO INTERNAL.AUTHORITY_PERMISSIONS_TO_WORKSHOP_ENTITY_TYPES (WORKSHOP_ENTITY_TYPE_ID, AUTHORITY_PERMISSION_ID)
VALUES ( 211, 140 );
-- GET ADMIN_WRITE
INSERT INTO INTERNAL.AUTHORITY_PERMISSIONS_TO_WORKSHOP_ENTITY_TYPES (WORKSHOP_ENTITY_TYPE_ID, AUTHORITY_PERMISSION_ID)
VALUES ( 200, 141 );
INSERT INTO INTERNAL.AUTHORITY_PERMISSIONS_TO_WORKSHOP_ENTITY_TYPES (WORKSHOP_ENTITY_TYPE_ID, AUTHORITY_PERMISSION_ID)
VALUES ( 201, 141 );
INSERT INTO INTERNAL.AUTHORITY_PERMISSIONS_TO_WORKSHOP_ENTITY_TYPES (WORKSHOP_ENTITY_TYPE_ID, AUTHORITY_PERMISSION_ID)
VALUES ( 202, 141 );
INSERT INTO INTERNAL.AUTHORITY_PERMISSIONS_TO_WORKSHOP_ENTITY_TYPES (WORKSHOP_ENTITY_TYPE_ID, AUTHORITY_PERMISSION_ID)
VALUES ( 203, 141 );
INSERT INTO INTERNAL.AUTHORITY_PERMISSIONS_TO_WORKSHOP_ENTITY_TYPES (WORKSHOP_ENTITY_TYPE_ID, AUTHORITY_PERMISSION_ID)
VALUES ( 204, 141 );
INSERT INTO INTERNAL.AUTHORITY_PERMISSIONS_TO_WORKSHOP_ENTITY_TYPES (WORKSHOP_ENTITY_TYPE_ID, AUTHORITY_PERMISSION_ID)
VALUES ( 205, 141 );
INSERT INTO INTERNAL.AUTHORITY_PERMISSIONS_TO_WORKSHOP_ENTITY_TYPES (WORKSHOP_ENTITY_TYPE_ID, AUTHORITY_PERMISSION_ID)
VALUES ( 206, 141 );
INSERT INTO INTERNAL.AUTHORITY_PERMISSIONS_TO_WORKSHOP_ENTITY_TYPES (WORKSHOP_ENTITY_TYPE_ID, AUTHORITY_PERMISSION_ID)
VALUES ( 207, 141 );
INSERT INTO INTERNAL.AUTHORITY_PERMISSIONS_TO_WORKSHOP_ENTITY_TYPES (WORKSHOP_ENTITY_TYPE_ID, AUTHORITY_PERMISSION_ID)
VALUES ( 208, 141 );
INSERT INTO INTERNAL.AUTHORITY_PERMISSIONS_TO_WORKSHOP_ENTITY_TYPES (WORKSHOP_ENTITY_TYPE_ID, AUTHORITY_PERMISSION_ID)
VALUES ( 209, 141 );
INSERT INTO INTERNAL.AUTHORITY_PERMISSIONS_TO_WORKSHOP_ENTITY_TYPES (WORKSHOP_ENTITY_TYPE_ID, AUTHORITY_PERMISSION_ID)
VALUES ( 210, 141 );
INSERT INTO INTERNAL.AUTHORITY_PERMISSIONS_TO_WORKSHOP_ENTITY_TYPES (WORKSHOP_ENTITY_TYPE_ID, AUTHORITY_PERMISSION_ID)
VALUES ( 211, 141 );
-- PUT ADMIN_WRITE
INSERT INTO INTERNAL.AUTHORITY_PERMISSIONS_TO_WORKSHOP_ENTITY_TYPES (WORKSHOP_ENTITY_TYPE_ID, AUTHORITY_PERMISSION_ID)
VALUES ( 200, 142 );
INSERT INTO INTERNAL.AUTHORITY_PERMISSIONS_TO_WORKSHOP_ENTITY_TYPES (WORKSHOP_ENTITY_TYPE_ID, AUTHORITY_PERMISSION_ID)
VALUES ( 201, 142 );
INSERT INTO INTERNAL.AUTHORITY_PERMISSIONS_TO_WORKSHOP_ENTITY_TYPES (WORKSHOP_ENTITY_TYPE_ID, AUTHORITY_PERMISSION_ID)
VALUES ( 202, 142 );
INSERT INTO INTERNAL.AUTHORITY_PERMISSIONS_TO_WORKSHOP_ENTITY_TYPES (WORKSHOP_ENTITY_TYPE_ID, AUTHORITY_PERMISSION_ID)
VALUES ( 203, 142 );
INSERT INTO INTERNAL.AUTHORITY_PERMISSIONS_TO_WORKSHOP_ENTITY_TYPES (WORKSHOP_ENTITY_TYPE_ID, AUTHORITY_PERMISSION_ID)
VALUES ( 204, 142 );
INSERT INTO INTERNAL.AUTHORITY_PERMISSIONS_TO_WORKSHOP_ENTITY_TYPES (WORKSHOP_ENTITY_TYPE_ID, AUTHORITY_PERMISSION_ID)
VALUES ( 205, 142 );
INSERT INTO INTERNAL.AUTHORITY_PERMISSIONS_TO_WORKSHOP_ENTITY_TYPES (WORKSHOP_ENTITY_TYPE_ID, AUTHORITY_PERMISSION_ID)
VALUES ( 206, 142 );
INSERT INTO INTERNAL.AUTHORITY_PERMISSIONS_TO_WORKSHOP_ENTITY_TYPES (WORKSHOP_ENTITY_TYPE_ID, AUTHORITY_PERMISSION_ID)
VALUES ( 207, 142 );
INSERT INTO INTERNAL.AUTHORITY_PERMISSIONS_TO_WORKSHOP_ENTITY_TYPES (WORKSHOP_ENTITY_TYPE_ID, AUTHORITY_PERMISSION_ID)
VALUES ( 208, 142 );
INSERT INTO INTERNAL.AUTHORITY_PERMISSIONS_TO_WORKSHOP_ENTITY_TYPES (WORKSHOP_ENTITY_TYPE_ID, AUTHORITY_PERMISSION_ID)
VALUES ( 209, 142 );
INSERT INTO INTERNAL.AUTHORITY_PERMISSIONS_TO_WORKSHOP_ENTITY_TYPES (WORKSHOP_ENTITY_TYPE_ID, AUTHORITY_PERMISSION_ID)
VALUES ( 210, 142 );
INSERT INTO INTERNAL.AUTHORITY_PERMISSIONS_TO_WORKSHOP_ENTITY_TYPES (WORKSHOP_ENTITY_TYPE_ID, AUTHORITY_PERMISSION_ID)
VALUES ( 211, 142 );
-- GET ADMIN_FULL
INSERT INTO INTERNAL.AUTHORITY_PERMISSIONS_TO_WORKSHOP_ENTITY_TYPES (WORKSHOP_ENTITY_TYPE_ID, AUTHORITY_PERMISSION_ID)
VALUES ( 200, 143 );
INSERT INTO INTERNAL.AUTHORITY_PERMISSIONS_TO_WORKSHOP_ENTITY_TYPES (WORKSHOP_ENTITY_TYPE_ID, AUTHORITY_PERMISSION_ID)
VALUES ( 201, 143 );
INSERT INTO INTERNAL.AUTHORITY_PERMISSIONS_TO_WORKSHOP_ENTITY_TYPES (WORKSHOP_ENTITY_TYPE_ID, AUTHORITY_PERMISSION_ID)
VALUES ( 202, 143 );
INSERT INTO INTERNAL.AUTHORITY_PERMISSIONS_TO_WORKSHOP_ENTITY_TYPES (WORKSHOP_ENTITY_TYPE_ID, AUTHORITY_PERMISSION_ID)
VALUES ( 203, 143 );
INSERT INTO INTERNAL.AUTHORITY_PERMISSIONS_TO_WORKSHOP_ENTITY_TYPES (WORKSHOP_ENTITY_TYPE_ID, AUTHORITY_PERMISSION_ID)
VALUES ( 204, 143 );
INSERT INTO INTERNAL.AUTHORITY_PERMISSIONS_TO_WORKSHOP_ENTITY_TYPES (WORKSHOP_ENTITY_TYPE_ID, AUTHORITY_PERMISSION_ID)
VALUES ( 205, 143 );
INSERT INTO INTERNAL.AUTHORITY_PERMISSIONS_TO_WORKSHOP_ENTITY_TYPES (WORKSHOP_ENTITY_TYPE_ID, AUTHORITY_PERMISSION_ID)
VALUES ( 206, 143 );
INSERT INTO INTERNAL.AUTHORITY_PERMISSIONS_TO_WORKSHOP_ENTITY_TYPES (WORKSHOP_ENTITY_TYPE_ID, AUTHORITY_PERMISSION_ID)
VALUES ( 207, 143 );
INSERT INTO INTERNAL.AUTHORITY_PERMISSIONS_TO_WORKSHOP_ENTITY_TYPES (WORKSHOP_ENTITY_TYPE_ID, AUTHORITY_PERMISSION_ID)
VALUES ( 208, 143 );
INSERT INTO INTERNAL.AUTHORITY_PERMISSIONS_TO_WORKSHOP_ENTITY_TYPES (WORKSHOP_ENTITY_TYPE_ID, AUTHORITY_PERMISSION_ID)
VALUES ( 209, 143 );
INSERT INTO INTERNAL.AUTHORITY_PERMISSIONS_TO_WORKSHOP_ENTITY_TYPES (WORKSHOP_ENTITY_TYPE_ID, AUTHORITY_PERMISSION_ID)
VALUES ( 210, 143 );
INSERT INTO INTERNAL.AUTHORITY_PERMISSIONS_TO_WORKSHOP_ENTITY_TYPES (WORKSHOP_ENTITY_TYPE_ID, AUTHORITY_PERMISSION_ID)
VALUES ( 211, 143 );
-- PUT ADMIN_FULL
INSERT INTO INTERNAL.AUTHORITY_PERMISSIONS_TO_WORKSHOP_ENTITY_TYPES (WORKSHOP_ENTITY_TYPE_ID, AUTHORITY_PERMISSION_ID)
VALUES ( 200, 144 );
INSERT INTO INTERNAL.AUTHORITY_PERMISSIONS_TO_WORKSHOP_ENTITY_TYPES (WORKSHOP_ENTITY_TYPE_ID, AUTHORITY_PERMISSION_ID)
VALUES ( 201, 144 );
INSERT INTO INTERNAL.AUTHORITY_PERMISSIONS_TO_WORKSHOP_ENTITY_TYPES (WORKSHOP_ENTITY_TYPE_ID, AUTHORITY_PERMISSION_ID)
VALUES ( 202, 144 );
INSERT INTO INTERNAL.AUTHORITY_PERMISSIONS_TO_WORKSHOP_ENTITY_TYPES (WORKSHOP_ENTITY_TYPE_ID, AUTHORITY_PERMISSION_ID)
VALUES ( 203, 144 );
INSERT INTO INTERNAL.AUTHORITY_PERMISSIONS_TO_WORKSHOP_ENTITY_TYPES (WORKSHOP_ENTITY_TYPE_ID, AUTHORITY_PERMISSION_ID)
VALUES ( 204, 144 );
INSERT INTO INTERNAL.AUTHORITY_PERMISSIONS_TO_WORKSHOP_ENTITY_TYPES (WORKSHOP_ENTITY_TYPE_ID, AUTHORITY_PERMISSION_ID)
VALUES ( 205, 144 );
INSERT INTO INTERNAL.AUTHORITY_PERMISSIONS_TO_WORKSHOP_ENTITY_TYPES (WORKSHOP_ENTITY_TYPE_ID, AUTHORITY_PERMISSION_ID)
VALUES ( 206, 144 );
INSERT INTO INTERNAL.AUTHORITY_PERMISSIONS_TO_WORKSHOP_ENTITY_TYPES (WORKSHOP_ENTITY_TYPE_ID, AUTHORITY_PERMISSION_ID)
VALUES ( 207, 144 );
INSERT INTO INTERNAL.AUTHORITY_PERMISSIONS_TO_WORKSHOP_ENTITY_TYPES (WORKSHOP_ENTITY_TYPE_ID, AUTHORITY_PERMISSION_ID)
VALUES ( 208, 144 );
INSERT INTO INTERNAL.AUTHORITY_PERMISSIONS_TO_WORKSHOP_ENTITY_TYPES (WORKSHOP_ENTITY_TYPE_ID, AUTHORITY_PERMISSION_ID)
VALUES ( 209, 144 );
INSERT INTO INTERNAL.AUTHORITY_PERMISSIONS_TO_WORKSHOP_ENTITY_TYPES (WORKSHOP_ENTITY_TYPE_ID, AUTHORITY_PERMISSION_ID)
VALUES ( 210, 144 );
INSERT INTO INTERNAL.AUTHORITY_PERMISSIONS_TO_WORKSHOP_ENTITY_TYPES (WORKSHOP_ENTITY_TYPE_ID, AUTHORITY_PERMISSION_ID)
VALUES ( 211, 144 );
-- POST ADMIN_FULL
INSERT INTO INTERNAL.AUTHORITY_PERMISSIONS_TO_WORKSHOP_ENTITY_TYPES (WORKSHOP_ENTITY_TYPE_ID, AUTHORITY_PERMISSION_ID)
VALUES ( 200, 145 );
INSERT INTO INTERNAL.AUTHORITY_PERMISSIONS_TO_WORKSHOP_ENTITY_TYPES (WORKSHOP_ENTITY_TYPE_ID, AUTHORITY_PERMISSION_ID)
VALUES ( 201, 145 );
INSERT INTO INTERNAL.AUTHORITY_PERMISSIONS_TO_WORKSHOP_ENTITY_TYPES (WORKSHOP_ENTITY_TYPE_ID, AUTHORITY_PERMISSION_ID)
VALUES ( 202, 145 );
INSERT INTO INTERNAL.AUTHORITY_PERMISSIONS_TO_WORKSHOP_ENTITY_TYPES (WORKSHOP_ENTITY_TYPE_ID, AUTHORITY_PERMISSION_ID)
VALUES ( 203, 145 );
INSERT INTO INTERNAL.AUTHORITY_PERMISSIONS_TO_WORKSHOP_ENTITY_TYPES (WORKSHOP_ENTITY_TYPE_ID, AUTHORITY_PERMISSION_ID)
VALUES ( 204, 145 );
INSERT INTO INTERNAL.AUTHORITY_PERMISSIONS_TO_WORKSHOP_ENTITY_TYPES (WORKSHOP_ENTITY_TYPE_ID, AUTHORITY_PERMISSION_ID)
VALUES ( 205, 145 );
INSERT INTO INTERNAL.AUTHORITY_PERMISSIONS_TO_WORKSHOP_ENTITY_TYPES (WORKSHOP_ENTITY_TYPE_ID, AUTHORITY_PERMISSION_ID)
VALUES ( 206, 145 );
INSERT INTO INTERNAL.AUTHORITY_PERMISSIONS_TO_WORKSHOP_ENTITY_TYPES (WORKSHOP_ENTITY_TYPE_ID, AUTHORITY_PERMISSION_ID)
VALUES ( 207, 145 );
INSERT INTO INTERNAL.AUTHORITY_PERMISSIONS_TO_WORKSHOP_ENTITY_TYPES (WORKSHOP_ENTITY_TYPE_ID, AUTHORITY_PERMISSION_ID)
VALUES ( 208, 145 );
INSERT INTO INTERNAL.AUTHORITY_PERMISSIONS_TO_WORKSHOP_ENTITY_TYPES (WORKSHOP_ENTITY_TYPE_ID, AUTHORITY_PERMISSION_ID)
VALUES ( 209, 145 );
INSERT INTO INTERNAL.AUTHORITY_PERMISSIONS_TO_WORKSHOP_ENTITY_TYPES (WORKSHOP_ENTITY_TYPE_ID, AUTHORITY_PERMISSION_ID)
VALUES ( 210, 145 );
INSERT INTO INTERNAL.AUTHORITY_PERMISSIONS_TO_WORKSHOP_ENTITY_TYPES (WORKSHOP_ENTITY_TYPE_ID, AUTHORITY_PERMISSION_ID)
VALUES ( 211, 145 );
-- DELETE ADMIN_FULL
INSERT INTO INTERNAL.AUTHORITY_PERMISSIONS_TO_WORKSHOP_ENTITY_TYPES (WORKSHOP_ENTITY_TYPE_ID, AUTHORITY_PERMISSION_ID)
VALUES ( 200, 160 );
INSERT INTO INTERNAL.AUTHORITY_PERMISSIONS_TO_WORKSHOP_ENTITY_TYPES (WORKSHOP_ENTITY_TYPE_ID, AUTHORITY_PERMISSION_ID)
VALUES ( 201, 160 );
INSERT INTO INTERNAL.AUTHORITY_PERMISSIONS_TO_WORKSHOP_ENTITY_TYPES (WORKSHOP_ENTITY_TYPE_ID, AUTHORITY_PERMISSION_ID)
VALUES ( 202, 160 );
INSERT INTO INTERNAL.AUTHORITY_PERMISSIONS_TO_WORKSHOP_ENTITY_TYPES (WORKSHOP_ENTITY_TYPE_ID, AUTHORITY_PERMISSION_ID)
VALUES ( 203, 160 );
INSERT INTO INTERNAL.AUTHORITY_PERMISSIONS_TO_WORKSHOP_ENTITY_TYPES (WORKSHOP_ENTITY_TYPE_ID, AUTHORITY_PERMISSION_ID)
VALUES ( 204, 160 );
INSERT INTO INTERNAL.AUTHORITY_PERMISSIONS_TO_WORKSHOP_ENTITY_TYPES (WORKSHOP_ENTITY_TYPE_ID, AUTHORITY_PERMISSION_ID)
VALUES ( 205, 160 );
INSERT INTO INTERNAL.AUTHORITY_PERMISSIONS_TO_WORKSHOP_ENTITY_TYPES (WORKSHOP_ENTITY_TYPE_ID, AUTHORITY_PERMISSION_ID)
VALUES ( 206, 160 );
INSERT INTO INTERNAL.AUTHORITY_PERMISSIONS_TO_WORKSHOP_ENTITY_TYPES (WORKSHOP_ENTITY_TYPE_ID, AUTHORITY_PERMISSION_ID)
VALUES ( 207, 160 );
INSERT INTO INTERNAL.AUTHORITY_PERMISSIONS_TO_WORKSHOP_ENTITY_TYPES (WORKSHOP_ENTITY_TYPE_ID, AUTHORITY_PERMISSION_ID)
VALUES ( 208, 160 );
INSERT INTO INTERNAL.AUTHORITY_PERMISSIONS_TO_WORKSHOP_ENTITY_TYPES (WORKSHOP_ENTITY_TYPE_ID, AUTHORITY_PERMISSION_ID)
VALUES ( 209, 160 );
INSERT INTO INTERNAL.AUTHORITY_PERMISSIONS_TO_WORKSHOP_ENTITY_TYPES (WORKSHOP_ENTITY_TYPE_ID, AUTHORITY_PERMISSION_ID)
VALUES ( 210, 160 );
INSERT INTO INTERNAL.AUTHORITY_PERMISSIONS_TO_WORKSHOP_ENTITY_TYPES (WORKSHOP_ENTITY_TYPE_ID, AUTHORITY_PERMISSION_ID)
VALUES ( 211, 160 );
-- GET WORKSHOP_READ
INSERT INTO INTERNAL.AUTHORITY_PERMISSIONS_TO_WORKSHOP_ENTITY_TYPES (WORKSHOP_ENTITY_TYPE_ID, AUTHORITY_PERMISSION_ID)
VALUES ( 203, 146 );
INSERT INTO INTERNAL.AUTHORITY_PERMISSIONS_TO_WORKSHOP_ENTITY_TYPES (WORKSHOP_ENTITY_TYPE_ID, AUTHORITY_PERMISSION_ID)
VALUES ( 205, 146 );
INSERT INTO INTERNAL.AUTHORITY_PERMISSIONS_TO_WORKSHOP_ENTITY_TYPES (WORKSHOP_ENTITY_TYPE_ID, AUTHORITY_PERMISSION_ID)
VALUES ( 209, 146 );
INSERT INTO INTERNAL.AUTHORITY_PERMISSIONS_TO_WORKSHOP_ENTITY_TYPES (WORKSHOP_ENTITY_TYPE_ID, AUTHORITY_PERMISSION_ID)
VALUES ( 201, 146 );
INSERT INTO INTERNAL.AUTHORITY_PERMISSIONS_TO_WORKSHOP_ENTITY_TYPES (WORKSHOP_ENTITY_TYPE_ID, AUTHORITY_PERMISSION_ID)
VALUES ( 207, 146 );
INSERT INTO INTERNAL.AUTHORITY_PERMISSIONS_TO_WORKSHOP_ENTITY_TYPES (WORKSHOP_ENTITY_TYPE_ID, AUTHORITY_PERMISSION_ID)
VALUES ( 210, 146 );
INSERT INTO INTERNAL.AUTHORITY_PERMISSIONS_TO_WORKSHOP_ENTITY_TYPES (WORKSHOP_ENTITY_TYPE_ID, AUTHORITY_PERMISSION_ID)
VALUES ( 204, 146 );
-- GET WORKSHOP_WRITE
INSERT INTO INTERNAL.AUTHORITY_PERMISSIONS_TO_WORKSHOP_ENTITY_TYPES (WORKSHOP_ENTITY_TYPE_ID, AUTHORITY_PERMISSION_ID)
VALUES ( 203, 147 );
INSERT INTO INTERNAL.AUTHORITY_PERMISSIONS_TO_WORKSHOP_ENTITY_TYPES (WORKSHOP_ENTITY_TYPE_ID, AUTHORITY_PERMISSION_ID)
VALUES ( 205, 147 );
INSERT INTO INTERNAL.AUTHORITY_PERMISSIONS_TO_WORKSHOP_ENTITY_TYPES (WORKSHOP_ENTITY_TYPE_ID, AUTHORITY_PERMISSION_ID)
VALUES ( 209, 147 );
INSERT INTO INTERNAL.AUTHORITY_PERMISSIONS_TO_WORKSHOP_ENTITY_TYPES (WORKSHOP_ENTITY_TYPE_ID, AUTHORITY_PERMISSION_ID)
VALUES ( 201, 147 );
INSERT INTO INTERNAL.AUTHORITY_PERMISSIONS_TO_WORKSHOP_ENTITY_TYPES (WORKSHOP_ENTITY_TYPE_ID, AUTHORITY_PERMISSION_ID)
VALUES ( 207, 147 );
INSERT INTO INTERNAL.AUTHORITY_PERMISSIONS_TO_WORKSHOP_ENTITY_TYPES (WORKSHOP_ENTITY_TYPE_ID, AUTHORITY_PERMISSION_ID)
VALUES ( 210, 147 );
INSERT INTO INTERNAL.AUTHORITY_PERMISSIONS_TO_WORKSHOP_ENTITY_TYPES (WORKSHOP_ENTITY_TYPE_ID, AUTHORITY_PERMISSION_ID)
VALUES ( 204, 147 );
-- PUT WORKSHOP_WRITE
INSERT INTO INTERNAL.AUTHORITY_PERMISSIONS_TO_WORKSHOP_ENTITY_TYPES (WORKSHOP_ENTITY_TYPE_ID, AUTHORITY_PERMISSION_ID)
VALUES ( 201, 148 );
INSERT INTO INTERNAL.AUTHORITY_PERMISSIONS_TO_WORKSHOP_ENTITY_TYPES (WORKSHOP_ENTITY_TYPE_ID, AUTHORITY_PERMISSION_ID)
VALUES ( 206, 148 );
INSERT INTO INTERNAL.AUTHORITY_PERMISSIONS_TO_WORKSHOP_ENTITY_TYPES (WORKSHOP_ENTITY_TYPE_ID, AUTHORITY_PERMISSION_ID)
VALUES ( 209, 148 );
INSERT INTO INTERNAL.AUTHORITY_PERMISSIONS_TO_WORKSHOP_ENTITY_TYPES (WORKSHOP_ENTITY_TYPE_ID, AUTHORITY_PERMISSION_ID)
VALUES ( 207, 148 );
INSERT INTO INTERNAL.AUTHORITY_PERMISSIONS_TO_WORKSHOP_ENTITY_TYPES (WORKSHOP_ENTITY_TYPE_ID, AUTHORITY_PERMISSION_ID)
VALUES ( 210, 148 );
-- GET WORKSHOP_FULL
INSERT INTO INTERNAL.AUTHORITY_PERMISSIONS_TO_WORKSHOP_ENTITY_TYPES (WORKSHOP_ENTITY_TYPE_ID, AUTHORITY_PERMISSION_ID)
VALUES ( 203, 149 );
INSERT INTO INTERNAL.AUTHORITY_PERMISSIONS_TO_WORKSHOP_ENTITY_TYPES (WORKSHOP_ENTITY_TYPE_ID, AUTHORITY_PERMISSION_ID)
VALUES ( 205, 149 );
INSERT INTO INTERNAL.AUTHORITY_PERMISSIONS_TO_WORKSHOP_ENTITY_TYPES (WORKSHOP_ENTITY_TYPE_ID, AUTHORITY_PERMISSION_ID)
VALUES ( 209, 149 );
INSERT INTO INTERNAL.AUTHORITY_PERMISSIONS_TO_WORKSHOP_ENTITY_TYPES (WORKSHOP_ENTITY_TYPE_ID, AUTHORITY_PERMISSION_ID)
VALUES ( 201, 149 );
INSERT INTO INTERNAL.AUTHORITY_PERMISSIONS_TO_WORKSHOP_ENTITY_TYPES (WORKSHOP_ENTITY_TYPE_ID, AUTHORITY_PERMISSION_ID)
VALUES ( 207, 149 );
INSERT INTO INTERNAL.AUTHORITY_PERMISSIONS_TO_WORKSHOP_ENTITY_TYPES (WORKSHOP_ENTITY_TYPE_ID, AUTHORITY_PERMISSION_ID)
VALUES ( 210, 149 );
INSERT INTO INTERNAL.AUTHORITY_PERMISSIONS_TO_WORKSHOP_ENTITY_TYPES (WORKSHOP_ENTITY_TYPE_ID, AUTHORITY_PERMISSION_ID)
VALUES ( 204, 149 );
-- PUT WORKSHOP_FULL
INSERT INTO INTERNAL.AUTHORITY_PERMISSIONS_TO_WORKSHOP_ENTITY_TYPES (WORKSHOP_ENTITY_TYPE_ID, AUTHORITY_PERMISSION_ID)
VALUES ( 201, 150 );
INSERT INTO INTERNAL.AUTHORITY_PERMISSIONS_TO_WORKSHOP_ENTITY_TYPES (WORKSHOP_ENTITY_TYPE_ID, AUTHORITY_PERMISSION_ID)
VALUES ( 206, 150 );
INSERT INTO INTERNAL.AUTHORITY_PERMISSIONS_TO_WORKSHOP_ENTITY_TYPES (WORKSHOP_ENTITY_TYPE_ID, AUTHORITY_PERMISSION_ID)
VALUES ( 209, 150 );
INSERT INTO INTERNAL.AUTHORITY_PERMISSIONS_TO_WORKSHOP_ENTITY_TYPES (WORKSHOP_ENTITY_TYPE_ID, AUTHORITY_PERMISSION_ID)
VALUES ( 207, 150 );
INSERT INTO INTERNAL.AUTHORITY_PERMISSIONS_TO_WORKSHOP_ENTITY_TYPES (WORKSHOP_ENTITY_TYPE_ID, AUTHORITY_PERMISSION_ID)
VALUES ( 210, 150 );
-- POST WORKSHOP_FULL
INSERT INTO INTERNAL.AUTHORITY_PERMISSIONS_TO_WORKSHOP_ENTITY_TYPES (WORKSHOP_ENTITY_TYPE_ID, AUTHORITY_PERMISSION_ID)
VALUES ( 201, 151 );
INSERT INTO INTERNAL.AUTHORITY_PERMISSIONS_TO_WORKSHOP_ENTITY_TYPES (WORKSHOP_ENTITY_TYPE_ID, AUTHORITY_PERMISSION_ID)
VALUES ( 206, 151 );
INSERT INTO INTERNAL.AUTHORITY_PERMISSIONS_TO_WORKSHOP_ENTITY_TYPES (WORKSHOP_ENTITY_TYPE_ID, AUTHORITY_PERMISSION_ID)
VALUES ( 209, 151 );
INSERT INTO INTERNAL.AUTHORITY_PERMISSIONS_TO_WORKSHOP_ENTITY_TYPES (WORKSHOP_ENTITY_TYPE_ID, AUTHORITY_PERMISSION_ID)
VALUES ( 207, 151 );
INSERT INTO INTERNAL.AUTHORITY_PERMISSIONS_TO_WORKSHOP_ENTITY_TYPES (WORKSHOP_ENTITY_TYPE_ID, AUTHORITY_PERMISSION_ID)
VALUES ( 210, 151 );
INSERT INTO INTERNAL.AUTHORITY_PERMISSIONS_TO_WORKSHOP_ENTITY_TYPES (WORKSHOP_ENTITY_TYPE_ID, AUTHORITY_PERMISSION_ID)
VALUES ( 204, 151 );
-- DELETE WORKSHOP_FULL
INSERT INTO INTERNAL.AUTHORITY_PERMISSIONS_TO_WORKSHOP_ENTITY_TYPES (WORKSHOP_ENTITY_TYPE_ID, AUTHORITY_PERMISSION_ID)
VALUES ( 201, 161 );
INSERT INTO INTERNAL.AUTHORITY_PERMISSIONS_TO_WORKSHOP_ENTITY_TYPES (WORKSHOP_ENTITY_TYPE_ID, AUTHORITY_PERMISSION_ID)
VALUES ( 206, 161 );
INSERT INTO INTERNAL.AUTHORITY_PERMISSIONS_TO_WORKSHOP_ENTITY_TYPES (WORKSHOP_ENTITY_TYPE_ID, AUTHORITY_PERMISSION_ID)
VALUES ( 209, 161 );
INSERT INTO INTERNAL.AUTHORITY_PERMISSIONS_TO_WORKSHOP_ENTITY_TYPES (WORKSHOP_ENTITY_TYPE_ID, AUTHORITY_PERMISSION_ID)
VALUES ( 207, 161 );
INSERT INTO INTERNAL.AUTHORITY_PERMISSIONS_TO_WORKSHOP_ENTITY_TYPES (WORKSHOP_ENTITY_TYPE_ID, AUTHORITY_PERMISSION_ID)
VALUES ( 210, 161 );
INSERT INTO INTERNAL.AUTHORITY_PERMISSIONS_TO_WORKSHOP_ENTITY_TYPES (WORKSHOP_ENTITY_TYPE_ID, AUTHORITY_PERMISSION_ID)
VALUES ( 204, 161 );
-- GET HR_READ
INSERT INTO INTERNAL.AUTHORITY_PERMISSIONS_TO_WORKSHOP_ENTITY_TYPES (WORKSHOP_ENTITY_TYPE_ID, AUTHORITY_PERMISSION_ID)
VALUES ( 203, 152 );
INSERT INTO INTERNAL.AUTHORITY_PERMISSIONS_TO_WORKSHOP_ENTITY_TYPES (WORKSHOP_ENTITY_TYPE_ID, AUTHORITY_PERMISSION_ID)
VALUES ( 202, 152 );
INSERT INTO INTERNAL.AUTHORITY_PERMISSIONS_TO_WORKSHOP_ENTITY_TYPES (WORKSHOP_ENTITY_TYPE_ID, AUTHORITY_PERMISSION_ID)
VALUES ( 207, 152 );
INSERT INTO INTERNAL.AUTHORITY_PERMISSIONS_TO_WORKSHOP_ENTITY_TYPES (WORKSHOP_ENTITY_TYPE_ID, AUTHORITY_PERMISSION_ID)
VALUES ( 208, 152 );
INSERT INTO INTERNAL.AUTHORITY_PERMISSIONS_TO_WORKSHOP_ENTITY_TYPES (WORKSHOP_ENTITY_TYPE_ID, AUTHORITY_PERMISSION_ID)
VALUES ( 209, 152 );
INSERT INTO INTERNAL.AUTHORITY_PERMISSIONS_TO_WORKSHOP_ENTITY_TYPES (WORKSHOP_ENTITY_TYPE_ID, AUTHORITY_PERMISSION_ID)
VALUES ( 206, 152 );
INSERT INTO INTERNAL.AUTHORITY_PERMISSIONS_TO_WORKSHOP_ENTITY_TYPES (WORKSHOP_ENTITY_TYPE_ID, AUTHORITY_PERMISSION_ID)
VALUES ( 210, 152 );
-- GET HR_WRITE
INSERT INTO INTERNAL.AUTHORITY_PERMISSIONS_TO_WORKSHOP_ENTITY_TYPES (WORKSHOP_ENTITY_TYPE_ID, AUTHORITY_PERMISSION_ID)
VALUES ( 203, 153 );
INSERT INTO INTERNAL.AUTHORITY_PERMISSIONS_TO_WORKSHOP_ENTITY_TYPES (WORKSHOP_ENTITY_TYPE_ID, AUTHORITY_PERMISSION_ID)
VALUES ( 202, 153 );
INSERT INTO INTERNAL.AUTHORITY_PERMISSIONS_TO_WORKSHOP_ENTITY_TYPES (WORKSHOP_ENTITY_TYPE_ID, AUTHORITY_PERMISSION_ID)
VALUES ( 207, 153 );
INSERT INTO INTERNAL.AUTHORITY_PERMISSIONS_TO_WORKSHOP_ENTITY_TYPES (WORKSHOP_ENTITY_TYPE_ID, AUTHORITY_PERMISSION_ID)
VALUES ( 208, 153 );
INSERT INTO INTERNAL.AUTHORITY_PERMISSIONS_TO_WORKSHOP_ENTITY_TYPES (WORKSHOP_ENTITY_TYPE_ID, AUTHORITY_PERMISSION_ID)
VALUES ( 209, 153 );
INSERT INTO INTERNAL.AUTHORITY_PERMISSIONS_TO_WORKSHOP_ENTITY_TYPES (WORKSHOP_ENTITY_TYPE_ID, AUTHORITY_PERMISSION_ID)
VALUES ( 206, 153 );
INSERT INTO INTERNAL.AUTHORITY_PERMISSIONS_TO_WORKSHOP_ENTITY_TYPES (WORKSHOP_ENTITY_TYPE_ID, AUTHORITY_PERMISSION_ID)
VALUES ( 210, 153 );
-- PUT HR_WRITE
INSERT INTO INTERNAL.AUTHORITY_PERMISSIONS_TO_WORKSHOP_ENTITY_TYPES (WORKSHOP_ENTITY_TYPE_ID, AUTHORITY_PERMISSION_ID)
VALUES ( 203, 154 );
INSERT INTO INTERNAL.AUTHORITY_PERMISSIONS_TO_WORKSHOP_ENTITY_TYPES (WORKSHOP_ENTITY_TYPE_ID, AUTHORITY_PERMISSION_ID)
VALUES ( 207, 154 );
INSERT INTO INTERNAL.AUTHORITY_PERMISSIONS_TO_WORKSHOP_ENTITY_TYPES (WORKSHOP_ENTITY_TYPE_ID, AUTHORITY_PERMISSION_ID)
VALUES ( 206, 154 );
INSERT INTO INTERNAL.AUTHORITY_PERMISSIONS_TO_WORKSHOP_ENTITY_TYPES (WORKSHOP_ENTITY_TYPE_ID, AUTHORITY_PERMISSION_ID)
VALUES ( 209, 154 );
INSERT INTO INTERNAL.AUTHORITY_PERMISSIONS_TO_WORKSHOP_ENTITY_TYPES (WORKSHOP_ENTITY_TYPE_ID, AUTHORITY_PERMISSION_ID)
VALUES ( 204, 154 );
INSERT INTO INTERNAL.AUTHORITY_PERMISSIONS_TO_WORKSHOP_ENTITY_TYPES (WORKSHOP_ENTITY_TYPE_ID, AUTHORITY_PERMISSION_ID)
VALUES ( 210, 154 );
-- GET HR_FULL
INSERT INTO INTERNAL.AUTHORITY_PERMISSIONS_TO_WORKSHOP_ENTITY_TYPES (WORKSHOP_ENTITY_TYPE_ID, AUTHORITY_PERMISSION_ID)
VALUES ( 203, 155 );
INSERT INTO INTERNAL.AUTHORITY_PERMISSIONS_TO_WORKSHOP_ENTITY_TYPES (WORKSHOP_ENTITY_TYPE_ID, AUTHORITY_PERMISSION_ID)
VALUES ( 202, 155 );
INSERT INTO INTERNAL.AUTHORITY_PERMISSIONS_TO_WORKSHOP_ENTITY_TYPES (WORKSHOP_ENTITY_TYPE_ID, AUTHORITY_PERMISSION_ID)
VALUES ( 207, 155 );
INSERT INTO INTERNAL.AUTHORITY_PERMISSIONS_TO_WORKSHOP_ENTITY_TYPES (WORKSHOP_ENTITY_TYPE_ID, AUTHORITY_PERMISSION_ID)
VALUES ( 208, 155 );
INSERT INTO INTERNAL.AUTHORITY_PERMISSIONS_TO_WORKSHOP_ENTITY_TYPES (WORKSHOP_ENTITY_TYPE_ID, AUTHORITY_PERMISSION_ID)
VALUES ( 209, 155 );
INSERT INTO INTERNAL.AUTHORITY_PERMISSIONS_TO_WORKSHOP_ENTITY_TYPES (WORKSHOP_ENTITY_TYPE_ID, AUTHORITY_PERMISSION_ID)
VALUES ( 206, 155 );
INSERT INTO INTERNAL.AUTHORITY_PERMISSIONS_TO_WORKSHOP_ENTITY_TYPES (WORKSHOP_ENTITY_TYPE_ID, AUTHORITY_PERMISSION_ID)
VALUES ( 210, 155 );
-- PUT HR_FULL
INSERT INTO INTERNAL.AUTHORITY_PERMISSIONS_TO_WORKSHOP_ENTITY_TYPES (WORKSHOP_ENTITY_TYPE_ID, AUTHORITY_PERMISSION_ID)
VALUES ( 203, 156 );
INSERT INTO INTERNAL.AUTHORITY_PERMISSIONS_TO_WORKSHOP_ENTITY_TYPES (WORKSHOP_ENTITY_TYPE_ID, AUTHORITY_PERMISSION_ID)
VALUES ( 207, 156 );
INSERT INTO INTERNAL.AUTHORITY_PERMISSIONS_TO_WORKSHOP_ENTITY_TYPES (WORKSHOP_ENTITY_TYPE_ID, AUTHORITY_PERMISSION_ID)
VALUES ( 206, 156 );
INSERT INTO INTERNAL.AUTHORITY_PERMISSIONS_TO_WORKSHOP_ENTITY_TYPES (WORKSHOP_ENTITY_TYPE_ID, AUTHORITY_PERMISSION_ID)
VALUES ( 209, 156 );
INSERT INTO INTERNAL.AUTHORITY_PERMISSIONS_TO_WORKSHOP_ENTITY_TYPES (WORKSHOP_ENTITY_TYPE_ID, AUTHORITY_PERMISSION_ID)
VALUES ( 204, 156 );
INSERT INTO INTERNAL.AUTHORITY_PERMISSIONS_TO_WORKSHOP_ENTITY_TYPES (WORKSHOP_ENTITY_TYPE_ID, AUTHORITY_PERMISSION_ID)
VALUES ( 210, 156 );
-- POST HR_FULL
INSERT INTO INTERNAL.AUTHORITY_PERMISSIONS_TO_WORKSHOP_ENTITY_TYPES (WORKSHOP_ENTITY_TYPE_ID, AUTHORITY_PERMISSION_ID)
VALUES ( 202, 157 );
INSERT INTO INTERNAL.AUTHORITY_PERMISSIONS_TO_WORKSHOP_ENTITY_TYPES (WORKSHOP_ENTITY_TYPE_ID, AUTHORITY_PERMISSION_ID)
VALUES ( 203, 157 );
INSERT INTO INTERNAL.AUTHORITY_PERMISSIONS_TO_WORKSHOP_ENTITY_TYPES (WORKSHOP_ENTITY_TYPE_ID, AUTHORITY_PERMISSION_ID)
VALUES ( 208, 157 );
INSERT INTO INTERNAL.AUTHORITY_PERMISSIONS_TO_WORKSHOP_ENTITY_TYPES (WORKSHOP_ENTITY_TYPE_ID, AUTHORITY_PERMISSION_ID)
VALUES ( 205, 157 );
INSERT INTO INTERNAL.AUTHORITY_PERMISSIONS_TO_WORKSHOP_ENTITY_TYPES (WORKSHOP_ENTITY_TYPE_ID, AUTHORITY_PERMISSION_ID)
VALUES ( 207, 157 );
INSERT INTO INTERNAL.AUTHORITY_PERMISSIONS_TO_WORKSHOP_ENTITY_TYPES (WORKSHOP_ENTITY_TYPE_ID, AUTHORITY_PERMISSION_ID)
VALUES ( 209, 157 );
INSERT INTO INTERNAL.AUTHORITY_PERMISSIONS_TO_WORKSHOP_ENTITY_TYPES (WORKSHOP_ENTITY_TYPE_ID, AUTHORITY_PERMISSION_ID)
VALUES ( 206, 157 );
INSERT INTO INTERNAL.AUTHORITY_PERMISSIONS_TO_WORKSHOP_ENTITY_TYPES (WORKSHOP_ENTITY_TYPE_ID, AUTHORITY_PERMISSION_ID)
VALUES ( 201, 157 );
INSERT INTO INTERNAL.AUTHORITY_PERMISSIONS_TO_WORKSHOP_ENTITY_TYPES (WORKSHOP_ENTITY_TYPE_ID, AUTHORITY_PERMISSION_ID)
VALUES ( 210, 157 );
INSERT INTO INTERNAL.AUTHORITY_PERMISSIONS_TO_WORKSHOP_ENTITY_TYPES (WORKSHOP_ENTITY_TYPE_ID, AUTHORITY_PERMISSION_ID)
VALUES ( 204, 157 );
-- DELETE HR_FULL
INSERT INTO INTERNAL.AUTHORITY_PERMISSIONS_TO_WORKSHOP_ENTITY_TYPES (WORKSHOP_ENTITY_TYPE_ID, AUTHORITY_PERMISSION_ID)
VALUES ( 202, 162 );
INSERT INTO INTERNAL.AUTHORITY_PERMISSIONS_TO_WORKSHOP_ENTITY_TYPES (WORKSHOP_ENTITY_TYPE_ID, AUTHORITY_PERMISSION_ID)
VALUES ( 203, 162 );
INSERT INTO INTERNAL.AUTHORITY_PERMISSIONS_TO_WORKSHOP_ENTITY_TYPES (WORKSHOP_ENTITY_TYPE_ID, AUTHORITY_PERMISSION_ID)
VALUES ( 208, 162 );
INSERT INTO INTERNAL.AUTHORITY_PERMISSIONS_TO_WORKSHOP_ENTITY_TYPES (WORKSHOP_ENTITY_TYPE_ID, AUTHORITY_PERMISSION_ID)
VALUES ( 205, 162 );
INSERT INTO INTERNAL.AUTHORITY_PERMISSIONS_TO_WORKSHOP_ENTITY_TYPES (WORKSHOP_ENTITY_TYPE_ID, AUTHORITY_PERMISSION_ID)
VALUES ( 207, 162 );
INSERT INTO INTERNAL.AUTHORITY_PERMISSIONS_TO_WORKSHOP_ENTITY_TYPES (WORKSHOP_ENTITY_TYPE_ID, AUTHORITY_PERMISSION_ID)
VALUES ( 209, 162 );
INSERT INTO INTERNAL.AUTHORITY_PERMISSIONS_TO_WORKSHOP_ENTITY_TYPES (WORKSHOP_ENTITY_TYPE_ID, AUTHORITY_PERMISSION_ID)
VALUES ( 206, 162 );
INSERT INTO INTERNAL.AUTHORITY_PERMISSIONS_TO_WORKSHOP_ENTITY_TYPES (WORKSHOP_ENTITY_TYPE_ID, AUTHORITY_PERMISSION_ID)
VALUES ( 201, 162 );
INSERT INTO INTERNAL.AUTHORITY_PERMISSIONS_TO_WORKSHOP_ENTITY_TYPES (WORKSHOP_ENTITY_TYPE_ID, AUTHORITY_PERMISSION_ID)
VALUES ( 210, 162 );
INSERT INTO INTERNAL.AUTHORITY_PERMISSIONS_TO_WORKSHOP_ENTITY_TYPES (WORKSHOP_ENTITY_TYPE_ID, AUTHORITY_PERMISSION_ID)
VALUES ( 204, 162 );
-- GET EMPLOYEE_READ
INSERT INTO INTERNAL.AUTHORITY_PERMISSIONS_TO_WORKSHOP_ENTITY_TYPES (WORKSHOP_ENTITY_TYPE_ID, AUTHORITY_PERMISSION_ID)
VALUES ( 203, 158 );
INSERT INTO INTERNAL.AUTHORITY_PERMISSIONS_TO_WORKSHOP_ENTITY_TYPES (WORKSHOP_ENTITY_TYPE_ID, AUTHORITY_PERMISSION_ID)
VALUES ( 207, 158 );

--

INSERT INTO INTERNAL.DEPARTMENTS (ID, NAME, CREATED)
VALUES (1, 'SITE MANAGEMENT', CURRENT_TIMESTAMP());
INSERT INTO INTERNAL.DEPARTMENTS (ID, NAME, CREATED)
VALUES (2, 'HR', CURRENT_TIMESTAMP());
INSERT INTO INTERNAL.DEPARTMENTS (ID, NAME, CREATED)
VALUES (3, 'MANAGEMENT', CURRENT_TIMESTAMP());
INSERT INTO INTERNAL.DEPARTMENTS (ID, NAME, CREATED)
VALUES (4, 'TECHNICAL DEPARTMENT', CURRENT_TIMESTAMP());

--

INSERT INTO INTERNAL.POSITIONS (ID, NAME, DESCRIPTION, CREATED, DEPARTMENT_ID)
VALUES (11, 'Administrator', 'Администратор сайта с доступом ко всем разделам.', CURRENT_TIMESTAMP(), 1);
INSERT INTO INTERNAL.POSITIONS (ID, NAME, DESCRIPTION, CREATED, DEPARTMENT_ID)
VALUES (12, 'Senior personnel manager', 'Старший работник отдела кадров', CURRENT_TIMESTAMP(), 2);
INSERT INTO INTERNAL.POSITIONS (ID, NAME, DESCRIPTION, CREATED, DEPARTMENT_ID)
VALUES (13, 'Personnel manager', 'Работник отдела кадров', CURRENT_TIMESTAMP(), 2);
INSERT INTO INTERNAL.POSITIONS (ID, NAME, DESCRIPTION, CREATED, DEPARTMENT_ID)
VALUES (14, 'Senior manager', 'Старший менеджер по управлению заказами', CURRENT_TIMESTAMP(), 3);
INSERT INTO INTERNAL.POSITIONS (ID, NAME, DESCRIPTION, CREATED, DEPARTMENT_ID)
VALUES (15, 'Manager', 'Менеджер по управлению заказами', CURRENT_TIMESTAMP(), 3);
INSERT INTO INTERNAL.POSITIONS (ID, NAME, DESCRIPTION, CREATED, DEPARTMENT_ID)
VALUES (16, 'Senior technician', 'Старший техник', CURRENT_TIMESTAMP(), 4);
INSERT INTO INTERNAL.POSITIONS (ID, NAME, DESCRIPTION, CREATED, DEPARTMENT_ID)
VALUES (17, 'Technician', 'Техник', CURRENT_TIMESTAMP(), 4);

-- ALL PASSWORDS ARE THE SAME AS BCryptPasswordEncoder.encode STRING "12345" FOR THE SIMPLICITY

INSERT INTO INTERNAL.EMPLOYEES (ID, BIRTHDAY, EMAIL, FIRST_NAME, LAST_NAME, PASSWORD, EMPLOYED, IS_ENABLED, POSITION_ID, LANGUAGE_TAG)
VALUES (21, DATE '1970-02-14', 'admin@workshop.pro', 'Feofan', 'Mudovski',
		'$2a$10$3ZP75a6hiK0jjPgIYSqDPeAHy954ynYFDK6OibhJg4Wc4F4JfVOqa', CURRENT_TIMESTAMP(), TRUE, 11, 'ru');
INSERT INTO INTERNAL.EMPLOYEES (ID, BIRTHDAY, EMAIL, FIRST_NAME, LAST_NAME, PASSWORD, EMPLOYED, IS_ENABLED, POSITION_ID, LANGUAGE_TAG)
VALUES (22, DATE '1985-11-18', 'neotlozhka@workshop.pro', 'Ambulatoriya', 'Neotlozhnaya',
		'$2a$10$IOQse1xvam3Wqm6MC5fc4.IxZNTnNLQXiRR4CRkOQ8ynkJakzHqqu', CURRENT_TIMESTAMP(), TRUE, 12, 'ru');
INSERT INTO INTERNAL.EMPLOYEES (ID, BIRTHDAY, EMAIL, FIRST_NAME, LAST_NAME, PASSWORD, EMPLOYED, IS_ENABLED, POSITION_ID, LANGUAGE_TAG)
VALUES (23, DATE '1999-01-05', 'bozhena@workshop.pro', 'Skolota', 'Bozhenova',
		'$2a$10$xT0XO4QAEwkdBQpExuYOXOq0uzSkxBvFiwPKXapsziUoGFQW0B4xS', CURRENT_TIMESTAMP(), TRUE, 13, 'en');
INSERT INTO INTERNAL.EMPLOYEES (ID, BIRTHDAY, EMAIL, FIRST_NAME, LAST_NAME, PASSWORD, EMPLOYED, IS_ENABLED, POSITION_ID, LANGUAGE_TAG)
VALUES (24, DATE '1991-10-09', 'petro@workshop.pro', 'Oktavian', 'Petrov',
		'$2a$10$zvHjaq7bDWCD' || '.mAm/RPgDOK1F6Mp7RK5OvJPVyZpl96bbForV/LcG', CURRENT_TIMESTAMP(), TRUE, 14, 'ru');
INSERT INTO INTERNAL.EMPLOYEES (ID, BIRTHDAY, EMAIL, FIRST_NAME, LAST_NAME, PASSWORD, EMPLOYED, IS_ENABLED, POSITION_ID, LANGUAGE_TAG)
VALUES (25, DATE '1973-03-21', 'sobolev@workshop.pro', 'Kirill', 'Sobolev',
		'$2a$10$EgyGzvUTWH' || '.uOqTT6LkzgeixVYug7ixwZ85TbqXvtyoudCIlSP1v.', CURRENT_TIMESTAMP(), TRUE, 15, 'en');
INSERT INTO INTERNAL.EMPLOYEES (ID, BIRTHDAY, EMAIL, FIRST_NAME, LAST_NAME, PASSWORD, EMPLOYED, IS_ENABLED, POSITION_ID, LANGUAGE_TAG)
VALUES (26, DATE '1983-07-25', 'kukushkin@workshop.pro', 'Leonid', 'Kukushkind',
		'$2a$10$5pGjiQHPqtinyM0PaIwjx' || '.NdNfK6vbBlzIk.6sLW9Z3UEmbj5Rz12', CURRENT_TIMESTAMP(), TRUE, 16, 'ru');
INSERT INTO INTERNAL.EMPLOYEES (ID, BIRTHDAY, EMAIL, FIRST_NAME, LAST_NAME, PASSWORD, EMPLOYED, IS_ENABLED, POSITION_ID, LANGUAGE_TAG)
VALUES (27, DATE '1979-08-20', 'puzdoy@workshop.pro', 'Semion', 'Puzdoy',
		'$2a$10$9wFRh0Sr4bu2JmWWX/3pjetFJOPmJf4kj2EyU65IxJUiN8TDqILH.', CURRENT_TIMESTAMP(), TRUE, 17, 'ru');

INSERT INTO INTERNAL.POSITIONS_TO_INTERNAL_AUTHORITIES (POSITION_ID, INTERNAL_AUTHORITY_ID)
VALUES (11, 103);
INSERT INTO INTERNAL.POSITIONS_TO_INTERNAL_AUTHORITIES (POSITION_ID, INTERNAL_AUTHORITY_ID)
VALUES (11, 110);
INSERT INTO INTERNAL.POSITIONS_TO_INTERNAL_AUTHORITIES (POSITION_ID, INTERNAL_AUTHORITY_ID)
VALUES (12, 107);
INSERT INTO INTERNAL.POSITIONS_TO_INTERNAL_AUTHORITIES (POSITION_ID, INTERNAL_AUTHORITY_ID)
VALUES (12, 108);
INSERT INTO INTERNAL.POSITIONS_TO_INTERNAL_AUTHORITIES (POSITION_ID, INTERNAL_AUTHORITY_ID)
VALUES (12, 109);
INSERT INTO INTERNAL.POSITIONS_TO_INTERNAL_AUTHORITIES (POSITION_ID, INTERNAL_AUTHORITY_ID)
VALUES (12, 101);
INSERT INTO INTERNAL.POSITIONS_TO_INTERNAL_AUTHORITIES (POSITION_ID, INTERNAL_AUTHORITY_ID)
VALUES (12, 102);
INSERT INTO INTERNAL.POSITIONS_TO_INTERNAL_AUTHORITIES (POSITION_ID, INTERNAL_AUTHORITY_ID)
VALUES (12, 110);
INSERT INTO INTERNAL.POSITIONS_TO_INTERNAL_AUTHORITIES (POSITION_ID, INTERNAL_AUTHORITY_ID)
VALUES (13, 107);
INSERT INTO INTERNAL.POSITIONS_TO_INTERNAL_AUTHORITIES (POSITION_ID, INTERNAL_AUTHORITY_ID)
VALUES (13, 108);
INSERT INTO INTERNAL.POSITIONS_TO_INTERNAL_AUTHORITIES (POSITION_ID, INTERNAL_AUTHORITY_ID)
VALUES (13, 101);
INSERT INTO INTERNAL.POSITIONS_TO_INTERNAL_AUTHORITIES (POSITION_ID, INTERNAL_AUTHORITY_ID)
VALUES (13, 104);
INSERT INTO INTERNAL.POSITIONS_TO_INTERNAL_AUTHORITIES (POSITION_ID, INTERNAL_AUTHORITY_ID)
VALUES (13, 110);
INSERT INTO INTERNAL.POSITIONS_TO_INTERNAL_AUTHORITIES (POSITION_ID, INTERNAL_AUTHORITY_ID)
VALUES (14, 104);
INSERT INTO INTERNAL.POSITIONS_TO_INTERNAL_AUTHORITIES (POSITION_ID, INTERNAL_AUTHORITY_ID)
VALUES (14, 105);
INSERT INTO INTERNAL.POSITIONS_TO_INTERNAL_AUTHORITIES (POSITION_ID, INTERNAL_AUTHORITY_ID)
VALUES (14, 106);
INSERT INTO INTERNAL.POSITIONS_TO_INTERNAL_AUTHORITIES (POSITION_ID, INTERNAL_AUTHORITY_ID)
VALUES (14, 107);
INSERT INTO INTERNAL.POSITIONS_TO_INTERNAL_AUTHORITIES (POSITION_ID, INTERNAL_AUTHORITY_ID)
VALUES (14, 101);
INSERT INTO INTERNAL.POSITIONS_TO_INTERNAL_AUTHORITIES (POSITION_ID, INTERNAL_AUTHORITY_ID)
VALUES (14, 110);
INSERT INTO INTERNAL.POSITIONS_TO_INTERNAL_AUTHORITIES (POSITION_ID, INTERNAL_AUTHORITY_ID)
VALUES (15, 104);
INSERT INTO INTERNAL.POSITIONS_TO_INTERNAL_AUTHORITIES (POSITION_ID, INTERNAL_AUTHORITY_ID)
VALUES (15, 105);
INSERT INTO INTERNAL.POSITIONS_TO_INTERNAL_AUTHORITIES (POSITION_ID, INTERNAL_AUTHORITY_ID)
VALUES (15, 110);
INSERT INTO INTERNAL.POSITIONS_TO_INTERNAL_AUTHORITIES (POSITION_ID, INTERNAL_AUTHORITY_ID)
VALUES (16, 104);
INSERT INTO INTERNAL.POSITIONS_TO_INTERNAL_AUTHORITIES (POSITION_ID, INTERNAL_AUTHORITY_ID)
VALUES (16, 105);
INSERT INTO INTERNAL.POSITIONS_TO_INTERNAL_AUTHORITIES (POSITION_ID, INTERNAL_AUTHORITY_ID)
VALUES (16, 110);
INSERT INTO INTERNAL.POSITIONS_TO_INTERNAL_AUTHORITIES (POSITION_ID, INTERNAL_AUTHORITY_ID)
VALUES (17, 104);
INSERT INTO INTERNAL.POSITIONS_TO_INTERNAL_AUTHORITIES (POSITION_ID, INTERNAL_AUTHORITY_ID)
VALUES (17, 110);

INSERT INTO INTERNAL.CLASSIFIERS_GROUPS (ID, NAME, DESCRIPTION, CREATED, CREATED_BY)
VALUES ( 250, 'Вилка', 'Переборка, ТО, смена масел, покраска и т.п.', CURRENT_TIMESTAMP(), 21 );
INSERT INTO INTERNAL.CLASSIFIERS_GROUPS (ID, NAME, DESCRIPTION, CREATED, CREATED_BY)
VALUES ( 251, 'Амортизатор', 'Ремонт, ТО, тюнинг.', CURRENT_TIMESTAMP(), 22 );
INSERT INTO INTERNAL.CLASSIFIERS_GROUPS (ID, NAME, DESCRIPTION, CREATED, CREATED_BY)
VALUES ( 252, 'Рама', 'Сварка, ремонт, покраска и т.п.', CURRENT_TIMESTAMP(), 21 );
INSERT INTO INTERNAL.CLASSIFIERS_GROUPS (ID, NAME, DESCRIPTION, CREATED, CREATED_BY)
VALUES ( 253, 'Привод', 'Цепь, кассета, манетки, переключатель.', CURRENT_TIMESTAMP(), 24 );
INSERT INTO INTERNAL.CLASSIFIERS_GROUPS (ID, NAME, DESCRIPTION, CREATED, CREATED_BY)
VALUES ( 254, 'Колёса', 'Сборка, протяжка спиц, смена покрышек, удаление проколов.', CURRENT_TIMESTAMP(), 24 );
INSERT INTO INTERNAL.CLASSIFIERS_GROUPS (ID, NAME, DESCRIPTION, CREATED, CREATED_BY)
VALUES ( 255, 'Общее обслуживание', 'Диагностика, осмотр, настройка и т.п.', CURRENT_TIMESTAMP(), 21 );

INSERT INTO INTERNAL.CLASSIFIERS (ID, NAME, DESCRIPTION, PRICE, CREATED, IS_OFFICIAL, CREATED_BY, CLASSIFIERS_GROUP_ID)
VALUES ( 280, 'Замена масла в демпфере', NULL, 1500.00, CURRENT_TIMESTAMP(), TRUE, 24, 250 );
INSERT INTO INTERNAL.CLASSIFIERS (ID, NAME, DESCRIPTION, PRICE, CREATED, IS_OFFICIAL, CREATED_BY, CLASSIFIERS_GROUP_ID)
VALUES ( 281, 'Переборка воздушной камеры', 'Замена смазки, резинок', 1200.00, CURRENT_TIMESTAMP(), TRUE, 24, 250 );
INSERT INTO INTERNAL.CLASSIFIERS (ID, NAME, DESCRIPTION, PRICE, CREATED, IS_OFFICIAL, CREATED_BY, CLASSIFIERS_GROUP_ID)
VALUES ( 282, 'Общее ТО', 'Разбор, замена необходимы резинок, смена масел и т.п.', 2500.00, CURRENT_TIMESTAMP(), TRUE, 25, 250 );
INSERT INTO INTERNAL.CLASSIFIERS (ID, NAME, DESCRIPTION, PRICE, CREATED, IS_OFFICIAL, CREATED_BY, CLASSIFIERS_GROUP_ID)
VALUES ( 283, 'Замена масла в демпфере отскока', NULL, 2000.00, CURRENT_TIMESTAMP(), TRUE, 25, 251 );
INSERT INTO INTERNAL.CLASSIFIERS (ID, NAME, DESCRIPTION, PRICE, CREATED, IS_OFFICIAL, CREATED_BY, CLASSIFIERS_GROUP_ID)
VALUES ( 284, 'Переборка воздушной камеры амортизатора', 'Замена смазки, резинок', 2800.00, CURRENT_TIMESTAMP(), TRUE, 24, 251 );
INSERT INTO INTERNAL.CLASSIFIERS (ID, NAME, DESCRIPTION, PRICE, CREATED, IS_OFFICIAL, CREATED_BY, CLASSIFIERS_GROUP_ID)
VALUES ( 285, 'Общее ТО амортизатора', 'Разбор, замена необходимы резинок, смена масел и т.п.', 2900.00, CURRENT_TIMESTAMP(), TRUE, 26, 251 );
INSERT INTO INTERNAL.CLASSIFIERS (ID, NAME, DESCRIPTION, PRICE, CREATED, IS_OFFICIAL, CREATED_BY, CLASSIFIERS_GROUP_ID)
VALUES ( 286, 'Точечная сварка', 'Алюминивые рамы', 4000.00, CURRENT_TIMESTAMP(), TRUE, 25, 252 );
INSERT INTO INTERNAL.CLASSIFIERS (ID, NAME, DESCRIPTION, PRICE, CREATED, IS_OFFICIAL, CREATED_BY, CLASSIFIERS_GROUP_ID)
VALUES ( 287, 'Ремонт трещин', 'Карбоновые рамы', 4350.00, CURRENT_TIMESTAMP(), TRUE, 24, 252 );
INSERT INTO INTERNAL.CLASSIFIERS (ID, NAME, DESCRIPTION, PRICE, CREATED, IS_OFFICIAL, CREATED_BY, CLASSIFIERS_GROUP_ID)
VALUES ( 288, 'Покраска', 'Всей рамы', 5340.00, CURRENT_TIMESTAMP(), TRUE, 25, 252 );
INSERT INTO INTERNAL.CLASSIFIERS (ID, NAME, DESCRIPTION, PRICE, CREATED, IS_OFFICIAL, CREATED_BY, CLASSIFIERS_GROUP_ID)
VALUES ( 289, 'Настройка переключения', NULL, 300.00, CURRENT_TIMESTAMP(), TRUE, 25, 253 );
INSERT INTO INTERNAL.CLASSIFIERS (ID, NAME, DESCRIPTION, PRICE, CREATED, IS_OFFICIAL, CREATED_BY, CLASSIFIERS_GROUP_ID)
VALUES ( 290, 'Восстановление разорванной цепи', NULL, 200.00, CURRENT_TIMESTAMP(), TRUE, 24, 253 );
INSERT INTO INTERNAL.CLASSIFIERS (ID, NAME, DESCRIPTION, PRICE, CREATED, IS_OFFICIAL, CREATED_BY, CLASSIFIERS_GROUP_ID)
VALUES ( 291, 'Замена кассеты', 'Кассета заказчика', 250.00, CURRENT_TIMESTAMP(), TRUE, 25, 253 );
INSERT INTO INTERNAL.CLASSIFIERS (ID, NAME, DESCRIPTION, PRICE, CREATED, IS_OFFICIAL, CREATED_BY, CLASSIFIERS_GROUP_ID)
VALUES ( 292, 'Сборка колеса', 'Из деталей заказчика', 1000.00, CURRENT_TIMESTAMP(), TRUE, 25, 254 );
INSERT INTO INTERNAL.CLASSIFIERS (ID, NAME, DESCRIPTION, PRICE, CREATED, IS_OFFICIAL, CREATED_BY, CLASSIFIERS_GROUP_ID)
VALUES ( 293, 'Протяжка спиц', NULL, 500.00, CURRENT_TIMESTAMP(), TRUE, 24, 254 );
INSERT INTO INTERNAL.CLASSIFIERS (ID, NAME, DESCRIPTION, PRICE, CREATED, IS_OFFICIAL, CREATED_BY, CLASSIFIERS_GROUP_ID)
VALUES ( 294, 'Замена покрышек', NULL, 450.00, CURRENT_TIMESTAMP(), TRUE, 25, 254 );
INSERT INTO INTERNAL.CLASSIFIERS (ID, NAME, DESCRIPTION, PRICE, CREATED, IS_OFFICIAL, CREATED_BY, CLASSIFIERS_GROUP_ID)
VALUES ( 295, 'Общая смазка привода', NULL, 400.00, CURRENT_TIMESTAMP(), TRUE, 25, 255 );
INSERT INTO INTERNAL.CLASSIFIERS (ID, NAME, DESCRIPTION, PRICE, CREATED, IS_OFFICIAL, CREATED_BY, CLASSIFIERS_GROUP_ID)
VALUES ( 296, 'Диагностика неисправностей', NULL, 0.00, CURRENT_TIMESTAMP(), TRUE, 24, 255 );
INSERT INTO INTERNAL.CLASSIFIERS (ID, NAME, DESCRIPTION, PRICE, CREATED, IS_OFFICIAL, CREATED_BY, CLASSIFIERS_GROUP_ID)
VALUES ( 297, 'Замена педалей', 'Педали заказчика', 350.00, CURRENT_TIMESTAMP(), TRUE, 25, 255 );

INSERT INTO INTERNAL.PHONES (ID, NAME, PHONE, EMPLOYEE_ID, CREATED)
VALUES (31, 'Mobile', '1-234-56-35', 21, CURRENT_TIMESTAMP());
INSERT INTO INTERNAL.PHONES (ID, NAME, PHONE, EMPLOYEE_ID, CREATED)
VALUES (32, 'Mobile', '1-863-45-23', 22, CURRENT_TIMESTAMP());
INSERT INTO INTERNAL.PHONES (ID, NAME, PHONE, EMPLOYEE_ID, CREATED)
VALUES (33, 'Mobile', '1-843-42-58', 22, CURRENT_TIMESTAMP());
INSERT INTO INTERNAL.PHONES (ID, NAME, PHONE, EMPLOYEE_ID, CREATED)
VALUES (34, 'Mobile', '1-356-35-38', 23, CURRENT_TIMESTAMP());
INSERT INTO INTERNAL.PHONES (ID, NAME, PHONE, EMPLOYEE_ID, CREATED)
VALUES (35, 'Mobile', '1-864-34-34', 24, CURRENT_TIMESTAMP());
INSERT INTO INTERNAL.PHONES (ID, NAME, PHONE, EMPLOYEE_ID, CREATED)
VALUES (36, 'Mobile', '1-883-25-53', 24, CURRENT_TIMESTAMP());
INSERT INTO INTERNAL.PHONES (ID, NAME, PHONE, EMPLOYEE_ID, CREATED)
VALUES (37, 'Mobile', '1-267-46-53', 25, CURRENT_TIMESTAMP());
INSERT INTO INTERNAL.PHONES (ID, NAME, PHONE, EMPLOYEE_ID, CREATED)
VALUES (38, 'Mobile', '1-927-93-82', 25, CURRENT_TIMESTAMP());
INSERT INTO INTERNAL.PHONES (ID, NAME, PHONE, EMPLOYEE_ID, CREATED)
VALUES (39, 'Mobile', '1-294-72-99', 26, CURRENT_TIMESTAMP());
INSERT INTO INTERNAL.PHONES (ID, NAME, PHONE, EMPLOYEE_ID, CREATED)
VALUES (40, 'Mobile', '1-924-77-42', 27, CURRENT_TIMESTAMP());
INSERT INTO INTERNAL.PHONES (ID, NAME, PHONE, EMPLOYEE_ID, CREATED)
VALUES (41, 'Mobile', '1-864-72-62', 27, CURRENT_TIMESTAMP());

--

INSERT INTO EXTERNAL.EXTERNAL_AUTHORITIES (ID, CREATED, NAME, DESCRIPTION)
VALUES (120, CURRENT_TIMESTAMP(), 'READ-PROFILE', 'Self profile reading');

INSERT INTO EXTERNAL.EXTERNAL_AUTHORITIES (ID, CREATED, NAME, DESCRIPTION)
VALUES (121, CURRENT_TIMESTAMP(), 'WRITE-PROFILE', 'Self profile writing');

INSERT INTO EXTERNAL.EXTERNAL_AUTHORITIES (ID, CREATED, NAME, DESCRIPTION)
VALUES (122, CURRENT_TIMESTAMP(), 'READ-ORDER', 'Order and Task reading.');

INSERT INTO EXTERNAL.EXTERNAL_AUTHORITIES (ID, CREATED, NAME, DESCRIPTION)
VALUES (123, CURRENT_TIMESTAMP(), 'WRITE-ORDER', 'Order and Task creation.');

--

INSERT INTO EXTERNAL.USERS (ID, BIRTHDAY, CREATED, EMAIL, FIRST_NAME, LAST_NAME, PASSWORD, LANGUAGE_TAG)
VALUES (91, CURRENT_DATE, CURRENT_TIMESTAMP(), 'SebastianPidorin@mail.pro', 'Sebastian', 'Pidorin',
        '$2a$10$xT0XO4QAEwkdBQpExuYOXOq0uzSkxBvFiwPKXapsziUoGFQW0B4xS', 'ru');
INSERT INTO EXTERNAL.USERS (ID, BIRTHDAY, CREATED, EMAIL, FIRST_NAME, LAST_NAME, PASSWORD, LANGUAGE_TAG)
VALUES (92, CURRENT_DATE, CURRENT_TIMESTAMP(), 'userTwo@meail.pro', 'UserTwoFirst', 'UserTwoLast',
        '$2a$10$xT0XO4QAEwkdBQpExuYOXOq0uzSkxBvFiwPKXapsziUoGFQW0B4xS', 'en');
INSERT INTO EXTERNAL.USERS (ID, BIRTHDAY, CREATED, EMAIL, FIRST_NAME, LAST_NAME, PASSWORD, LANGUAGE_TAG)
VALUES (93, CURRENT_DATE, CURRENT_TIMESTAMP(), 'userThree@mailto.ru', 'UserThreeFirst', 'UserThreeLast',
        '$2a$10$xT0XO4QAEwkdBQpExuYOXOq0uzSkxBvFiwPKXapsziUoGFQW0B4xS', 'ru');
INSERT INTO EXTERNAL.USERS (ID, BIRTHDAY, CREATED, EMAIL, FIRST_NAME, LAST_NAME, PASSWORD, LANGUAGE_TAG)
VALUES (94, CURRENT_DATE, CURRENT_TIMESTAMP(), 'userFour@mail.eu', 'UserFourFirst', 'UserFourLast',
        '$2a$10$xT0XO4QAEwkdBQpExuYOXOq0uzSkxBvFiwPKXapsziUoGFQW0B4xS', 'en');
INSERT INTO EXTERNAL.USERS (ID, BIRTHDAY, CREATED, EMAIL, FIRST_NAME, LAST_NAME, PASSWORD, LANGUAGE_TAG)
VALUES (95, CURRENT_DATE, CURRENT_TIMESTAMP(), 'userFive@mailing.org', 'UserFiveFirst', 'UserFiveLast',
        '$2a$10$xT0XO4QAEwkdBQpExuYOXOq0uzSkxBvFiwPKXapsziUoGFQW0B4xS', 'ru');
INSERT INTO EXTERNAL.USERS (ID, BIRTHDAY, CREATED, EMAIL, FIRST_NAME, LAST_NAME, PASSWORD, LANGUAGE_TAG)
VALUES (96, CURRENT_DATE, CURRENT_TIMESTAMP(), 'userSix@mail.prod', 'UserSixFirst', 'UserSixLast',
        '$2a$10$xT0XO4QAEwkdBQpExuYOXOq0uzSkxBvFiwPKXapsziUoGFQW0B4xS', 'ru');
INSERT INTO EXTERNAL.USERS (ID, BIRTHDAY, CREATED, EMAIL, FIRST_NAME, LAST_NAME, PASSWORD, LANGUAGE_TAG)
VALUES (97, CURRENT_DATE, CURRENT_TIMESTAMP(), 'userSeven@email.lv', 'UserSevenFirst', 'UserSevenLast',
        '$2a$10$xT0XO4QAEwkdBQpExuYOXOq0uzSkxBvFiwPKXapsziUoGFQW0B4xS', 'en');
INSERT INTO EXTERNAL.USERS (ID, BIRTHDAY, CREATED, EMAIL, FIRST_NAME, LAST_NAME, PASSWORD, LANGUAGE_TAG)
VALUES (98, CURRENT_DATE, CURRENT_TIMESTAMP(), 'userEight@email.alb', 'UserEightFirst', 'UserEightLast',
        '$2a$10$xT0XO4QAEwkdBQpExuYOXOq0uzSkxBvFiwPKXapsziUoGFQW0B4xS', 'ru');
INSERT INTO EXTERNAL.USERS (ID, BIRTHDAY, CREATED, EMAIL, FIRST_NAME, LAST_NAME, PASSWORD, LANGUAGE_TAG)
VALUES (99, CURRENT_DATE, CURRENT_TIMESTAMP(), 'userNine@pro.mail', 'UserNineFirst', 'UserNineLast',
        '$2a$10$xT0XO4QAEwkdBQpExuYOXOq0uzSkxBvFiwPKXapsziUoGFQW0B4xS', 'ru');


INSERT INTO EXTERNAL.USERS_TO_EXTERNAL_AUTHORITIES (USER_ID, EXTERNAL_AUTHORITY_ID)
VALUES (91, 120);
INSERT INTO EXTERNAL.USERS_TO_EXTERNAL_AUTHORITIES (USER_ID, EXTERNAL_AUTHORITY_ID)
VALUES (91, 121);
INSERT INTO EXTERNAL.USERS_TO_EXTERNAL_AUTHORITIES (USER_ID, EXTERNAL_AUTHORITY_ID)
VALUES (91, 122);
INSERT INTO EXTERNAL.USERS_TO_EXTERNAL_AUTHORITIES (USER_ID, EXTERNAL_AUTHORITY_ID)
VALUES (91, 123);
INSERT INTO EXTERNAL.USERS_TO_EXTERNAL_AUTHORITIES (USER_ID, EXTERNAL_AUTHORITY_ID)
VALUES (92, 120);
INSERT INTO EXTERNAL.USERS_TO_EXTERNAL_AUTHORITIES (USER_ID, EXTERNAL_AUTHORITY_ID)
VALUES (92, 121);
INSERT INTO EXTERNAL.USERS_TO_EXTERNAL_AUTHORITIES (USER_ID, EXTERNAL_AUTHORITY_ID)
VALUES (92, 122);
INSERT INTO EXTERNAL.USERS_TO_EXTERNAL_AUTHORITIES (USER_ID, EXTERNAL_AUTHORITY_ID)
VALUES (92, 123);
INSERT INTO EXTERNAL.USERS_TO_EXTERNAL_AUTHORITIES (USER_ID, EXTERNAL_AUTHORITY_ID)
VALUES (93, 120);
INSERT INTO EXTERNAL.USERS_TO_EXTERNAL_AUTHORITIES (USER_ID, EXTERNAL_AUTHORITY_ID)
VALUES (93, 122);
INSERT INTO EXTERNAL.USERS_TO_EXTERNAL_AUTHORITIES (USER_ID, EXTERNAL_AUTHORITY_ID)
VALUES (93, 123);
INSERT INTO EXTERNAL.USERS_TO_EXTERNAL_AUTHORITIES (USER_ID, EXTERNAL_AUTHORITY_ID)
VALUES (94, 120);
INSERT INTO EXTERNAL.USERS_TO_EXTERNAL_AUTHORITIES (USER_ID, EXTERNAL_AUTHORITY_ID)
VALUES (94, 121);
INSERT INTO EXTERNAL.USERS_TO_EXTERNAL_AUTHORITIES (USER_ID, EXTERNAL_AUTHORITY_ID)
VALUES (94, 122);
INSERT INTO EXTERNAL.USERS_TO_EXTERNAL_AUTHORITIES (USER_ID, EXTERNAL_AUTHORITY_ID)
VALUES (94, 123);
INSERT INTO EXTERNAL.USERS_TO_EXTERNAL_AUTHORITIES (USER_ID, EXTERNAL_AUTHORITY_ID)
VALUES (95, 120);
INSERT INTO EXTERNAL.USERS_TO_EXTERNAL_AUTHORITIES (USER_ID, EXTERNAL_AUTHORITY_ID)
VALUES (95, 121);
INSERT INTO EXTERNAL.USERS_TO_EXTERNAL_AUTHORITIES (USER_ID, EXTERNAL_AUTHORITY_ID)
VALUES (95, 122);
INSERT INTO EXTERNAL.USERS_TO_EXTERNAL_AUTHORITIES (USER_ID, EXTERNAL_AUTHORITY_ID)
VALUES (96, 120);
INSERT INTO EXTERNAL.USERS_TO_EXTERNAL_AUTHORITIES (USER_ID, EXTERNAL_AUTHORITY_ID)
VALUES (96, 121);
INSERT INTO EXTERNAL.USERS_TO_EXTERNAL_AUTHORITIES (USER_ID, EXTERNAL_AUTHORITY_ID)
VALUES (96, 122);
INSERT INTO EXTERNAL.USERS_TO_EXTERNAL_AUTHORITIES (USER_ID, EXTERNAL_AUTHORITY_ID)
VALUES (96, 123);
INSERT INTO EXTERNAL.USERS_TO_EXTERNAL_AUTHORITIES (USER_ID, EXTERNAL_AUTHORITY_ID)
VALUES (97, 120);
INSERT INTO EXTERNAL.USERS_TO_EXTERNAL_AUTHORITIES (USER_ID, EXTERNAL_AUTHORITY_ID)
VALUES (97, 121);
INSERT INTO EXTERNAL.USERS_TO_EXTERNAL_AUTHORITIES (USER_ID, EXTERNAL_AUTHORITY_ID)
VALUES (97, 122);
INSERT INTO EXTERNAL.USERS_TO_EXTERNAL_AUTHORITIES (USER_ID, EXTERNAL_AUTHORITY_ID)
VALUES (97, 123);
INSERT INTO EXTERNAL.USERS_TO_EXTERNAL_AUTHORITIES (USER_ID, EXTERNAL_AUTHORITY_ID)
VALUES (98, 120);
INSERT INTO EXTERNAL.USERS_TO_EXTERNAL_AUTHORITIES (USER_ID, EXTERNAL_AUTHORITY_ID)
VALUES (98, 122);


INSERT INTO INTERNAL.ORDERS (ID, CREATED, DEADLINE, DESCRIPTION, CREATED_BY, MODIFIED_BY, CREATED_FOR_ID)
VALUES (51, CURRENT_TIMESTAMP(), CURRENT_TIMESTAMP(), 'Order one', 24, 25, 91);
INSERT INTO INTERNAL.ORDERS (ID, CREATED, FINISHED, DEADLINE, DESCRIPTION, OVERALL_PRICE, CREATED_BY, MODIFIED_BY,
                             CREATED_FOR_ID)
VALUES (52, CURRENT_TIMESTAMP(), CURRENT_TIMESTAMP(), CURRENT_TIMESTAMP(), 'Order two', 78.56, 27, 25, 92);
INSERT INTO INTERNAL.ORDERS (ID, CREATED, FINISHED, DEADLINE, DESCRIPTION, OVERALL_PRICE, CREATED_BY, MODIFIED_BY,
                             CREATED_FOR_ID)
VALUES (53, CURRENT_TIMESTAMP(), CURRENT_TIMESTAMP(), CURRENT_TIMESTAMP(), 'Order three', 25.50, 26, 26, 93);