-- HIBERNATE SPECIAL IMPORT AFTER ALL THE SCHEMAS HAVE BEEN SET FROM 'schema.sql' AND THE TABLES HAVE BEEN CREATED AUTOMATICALLY
-- SUPPORTS ONLY INLINE STRINGS!
-- TO ALLOW HIBERNATE READ MULTILINES SQL STATEMENTS ADD TO THE SPRING BOOT application.properties:
-- spring.jpa.properties.hibernate.hbm2ddl.import_files_sql_extractor=org.hibernate.tool.hbm2ddl.MultipleLinesSqlCommandExtractor

-- INTERNAL_AUTHORITIES: 100-120
-- INTERNAL_AUTHORITY_PERMISSIONS: 140-170
-- WORKSHOP_ENTITY_TYPE: 200-230

-- CREATE SCHEMA IF NOT EXISTS INTERNAL;
-- CREATE SCHEMA IF NOT EXISTS EXTERNAL;

INSERT INTO INTERNAL.WORKSHOP_ENTITY_TYPE (ID, NAME, CREATED)
VALUES (200, 'AuthorityPermission', CURRENT_TIMESTAMP());
INSERT INTO INTERNAL.WORKSHOP_ENTITY_TYPE (ID, NAME, CREATED)
VALUES (201, 'Classifier', CURRENT_TIMESTAMP());
INSERT INTO INTERNAL.WORKSHOP_ENTITY_TYPE (ID, NAME, CREATED)
VALUES (202, 'Department', CURRENT_TIMESTAMP());
INSERT INTO INTERNAL.WORKSHOP_ENTITY_TYPE (ID, NAME, CREATED)
VALUES (203, 'Employee', CURRENT_TIMESTAMP());
INSERT INTO INTERNAL.WORKSHOP_ENTITY_TYPE (ID, NAME, CREATED)
VALUES (204, 'ExternalAuthority', CURRENT_TIMESTAMP());
INSERT INTO INTERNAL.WORKSHOP_ENTITY_TYPE (ID, NAME, CREATED)
VALUES (205, 'InternalAuthority', CURRENT_TIMESTAMP());
INSERT INTO INTERNAL.WORKSHOP_ENTITY_TYPE (ID, NAME, CREATED)
VALUES (206, 'Order', CURRENT_TIMESTAMP());
INSERT INTO INTERNAL.WORKSHOP_ENTITY_TYPE (ID, NAME, CREATED)
VALUES (207, 'Phone', CURRENT_TIMESTAMP());
INSERT INTO INTERNAL.WORKSHOP_ENTITY_TYPE (ID, NAME, CREATED)
VALUES (208, 'Position', CURRENT_TIMESTAMP());
INSERT INTO INTERNAL.WORKSHOP_ENTITY_TYPE (ID, NAME, CREATED)
VALUES (209, 'Task', CURRENT_TIMESTAMP());
INSERT INTO INTERNAL.WORKSHOP_ENTITY_TYPE (ID, NAME, CREATED)
VALUES (210, 'User', CURRENT_TIMESTAMP());
INSERT INTO INTERNAL.WORKSHOP_ENTITY_TYPE (ID, NAME, CREATED)
VALUES (211, 'WorkshopEntityType', CURRENT_TIMESTAMP());


INSERT INTO INTERNAL.INTERNAL_AUTHORITIES (ID, CREATED, NAME, DESCRIPTION)
VALUES (101, CURRENT_TIMESTAMP(), 'ADMIN_READ', 'WorkshopEntities with READ permission for this InternalAuthority');

INSERT INTO INTERNAL.INTERNAL_AUTHORITIES (ID, CREATED, NAME, DESCRIPTION)
VALUES (102, CURRENT_TIMESTAMP(), 'ADMIN_WRITE', 'WorkshopEntities with WRITE permission for this InternalAuthority');

INSERT INTO INTERNAL.INTERNAL_AUTHORITIES (ID, CREATED, NAME, DESCRIPTION)
VALUES (103, CURRENT_TIMESTAMP(), 'ADMIN_FULL', 'WorkshopEntities with FULL permission for this InternalAuthority');

INSERT INTO INTERNAL.INTERNAL_AUTHORITIES (ID, CREATED, NAME, DESCRIPTION)
VALUES (104, CURRENT_TIMESTAMP(), 'WORKSHOP_READ', 'WorkshopEntities with READ permission for this InternalAuthority');

INSERT INTO INTERNAL.INTERNAL_AUTHORITIES (ID, CREATED, NAME, DESCRIPTION)
VALUES (105, CURRENT_TIMESTAMP(), 'WORKSHOP_WRITE',
		'WorkshopEntities with WRITE permission for this InternalAuthority');

INSERT INTO INTERNAL.INTERNAL_AUTHORITIES (ID, CREATED, NAME, DESCRIPTION)
VALUES (106, CURRENT_TIMESTAMP(), 'WORKSHOP_FULL', 'WorkshopEntities with FULL permission for this InternalAuthority');

INSERT INTO INTERNAL.INTERNAL_AUTHORITIES (ID, CREATED, NAME, DESCRIPTION)
VALUES (107, CURRENT_TIMESTAMP(), 'HR_READ', 'WorkshopEntities with READ permission for this InternalAuthority');

INSERT INTO INTERNAL.INTERNAL_AUTHORITIES (ID, CREATED, NAME, DESCRIPTION)
VALUES (108, CURRENT_TIMESTAMP(), 'HR_WRITE', 'WorkshopEntities with WRITE permission for this InternalAuthority');

INSERT INTO INTERNAL.INTERNAL_AUTHORITIES (ID, CREATED, NAME, DESCRIPTION)
VALUES (109, CURRENT_TIMESTAMP(), 'HR_FULL', 'WorkshopEntities with FULL permission for this InternalAuthority');

INSERT INTO INTERNAL.INTERNAL_AUTHORITIES (ID, CREATED, NAME, DESCRIPTION)
VALUES (110, CURRENT_TIMESTAMP(), 'EMPLOYEE_READ',
		'Basic permission as the marker for being employed. HAS TO BE PRESENT AT ALL THE POSITIONS!!!');

--

INSERT INTO INTERNAL.AUTHORITY_PERMISSIONS (ID, PERMISSION_TYPE, INTERNAL_AUTHORITY_ID, CREATED, DESCRIPTION)
VALUES (140, 'GET', 101, CURRENT_TIMESTAMP(), 'For ADMIN_READ');

INSERT INTO INTERNAL.AUTHORITY_PERMISSIONS (ID, PERMISSION_TYPE, INTERNAL_AUTHORITY_ID, CREATED, DESCRIPTION)
VALUES (141, 'GET', 102, CURRENT_TIMESTAMP(), 'For ADMIN_WRITE');
INSERT INTO INTERNAL.AUTHORITY_PERMISSIONS (ID, PERMISSION_TYPE, INTERNAL_AUTHORITY_ID, CREATED, DESCRIPTION)
VALUES (142, 'PUT', 102, CURRENT_TIMESTAMP(), 'For ADMIN_WRITE');

INSERT INTO INTERNAL.AUTHORITY_PERMISSIONS (ID, PERMISSION_TYPE, INTERNAL_AUTHORITY_ID, CREATED, DESCRIPTION)
VALUES (143, 'GET', 103, CURRENT_TIMESTAMP(), 'For ADMIN_FULL');
INSERT INTO INTERNAL.AUTHORITY_PERMISSIONS (ID, PERMISSION_TYPE, INTERNAL_AUTHORITY_ID, CREATED, DESCRIPTION)
VALUES (144, 'PUT', 103, CURRENT_TIMESTAMP(), 'For ADMIN_FULL');
INSERT INTO INTERNAL.AUTHORITY_PERMISSIONS (ID, PERMISSION_TYPE, INTERNAL_AUTHORITY_ID, CREATED, DESCRIPTION)
VALUES (145, 'POST', 103, CURRENT_TIMESTAMP(), 'For ADMIN_FULL');
INSERT INTO INTERNAL.AUTHORITY_PERMISSIONS (ID, PERMISSION_TYPE, INTERNAL_AUTHORITY_ID, CREATED, DESCRIPTION)
VALUES (160, 'DELETE', 103, CURRENT_TIMESTAMP(), 'For ADMIN_FULL');

INSERT INTO INTERNAL.AUTHORITY_PERMISSIONS (ID, PERMISSION_TYPE, INTERNAL_AUTHORITY_ID, CREATED, DESCRIPTION)
VALUES (146, 'GET', 104, CURRENT_TIMESTAMP(), 'For WORKSHOP_READ');

INSERT INTO INTERNAL.AUTHORITY_PERMISSIONS (ID, PERMISSION_TYPE, INTERNAL_AUTHORITY_ID, CREATED, DESCRIPTION)
VALUES (147, 'GET', 105, CURRENT_TIMESTAMP(), 'For WORKSHOP_WRITE');
INSERT INTO INTERNAL.AUTHORITY_PERMISSIONS (ID, PERMISSION_TYPE, INTERNAL_AUTHORITY_ID, CREATED, DESCRIPTION)
VALUES (148, 'PUT', 105, CURRENT_TIMESTAMP(), 'For WORKSHOP_WRITE');

INSERT INTO INTERNAL.AUTHORITY_PERMISSIONS (ID, PERMISSION_TYPE, INTERNAL_AUTHORITY_ID, CREATED, DESCRIPTION)
VALUES (149, 'GET', 106, CURRENT_TIMESTAMP(), 'For WORKSHOP_FULL');
INSERT INTO INTERNAL.AUTHORITY_PERMISSIONS (ID, PERMISSION_TYPE, INTERNAL_AUTHORITY_ID, CREATED, DESCRIPTION)
VALUES (150, 'PUT', 106, CURRENT_TIMESTAMP(), 'For WORKSHOP_FULL');
INSERT INTO INTERNAL.AUTHORITY_PERMISSIONS (ID, PERMISSION_TYPE, INTERNAL_AUTHORITY_ID, CREATED, DESCRIPTION)
VALUES (151, 'POST', 106, CURRENT_TIMESTAMP(), 'For WORKSHOP_FULL');
INSERT INTO INTERNAL.AUTHORITY_PERMISSIONS (ID, PERMISSION_TYPE, INTERNAL_AUTHORITY_ID, CREATED, DESCRIPTION)
VALUES (161, 'DELETE', 106, CURRENT_TIMESTAMP(), 'For WORKSHOP_FULL');

INSERT INTO INTERNAL.AUTHORITY_PERMISSIONS (ID, PERMISSION_TYPE, INTERNAL_AUTHORITY_ID, CREATED, DESCRIPTION)
VALUES (152, 'GET', 107, CURRENT_TIMESTAMP(), 'For HR_READ');

INSERT INTO INTERNAL.AUTHORITY_PERMISSIONS (ID, PERMISSION_TYPE, INTERNAL_AUTHORITY_ID, CREATED, DESCRIPTION)
VALUES (153, 'GET', 108, CURRENT_TIMESTAMP(), 'For HR_WRITE');
INSERT INTO INTERNAL.AUTHORITY_PERMISSIONS (ID, PERMISSION_TYPE, INTERNAL_AUTHORITY_ID, CREATED, DESCRIPTION)
VALUES (154, 'PUT', 108, CURRENT_TIMESTAMP(), 'For HR_WRITE');

INSERT INTO INTERNAL.AUTHORITY_PERMISSIONS (ID, PERMISSION_TYPE, INTERNAL_AUTHORITY_ID, CREATED, DESCRIPTION)
VALUES (155, 'GET', 109, CURRENT_TIMESTAMP(), 'For HR_FULL');
INSERT INTO INTERNAL.AUTHORITY_PERMISSIONS (ID, PERMISSION_TYPE, INTERNAL_AUTHORITY_ID, CREATED, DESCRIPTION)
VALUES (156, 'PUT', 109, CURRENT_TIMESTAMP(), 'For HR_FULL');
INSERT INTO INTERNAL.AUTHORITY_PERMISSIONS (ID, PERMISSION_TYPE, INTERNAL_AUTHORITY_ID, CREATED, DESCRIPTION)
VALUES (157, 'POST', 109, CURRENT_TIMESTAMP(), 'For HR_FULL');
INSERT INTO INTERNAL.AUTHORITY_PERMISSIONS (ID, PERMISSION_TYPE, INTERNAL_AUTHORITY_ID, CREATED, DESCRIPTION)
VALUES (162, 'DELETE', 109, CURRENT_TIMESTAMP(), 'For HR_FULL');

INSERT INTO INTERNAL.AUTHORITY_PERMISSIONS (ID, PERMISSION_TYPE, INTERNAL_AUTHORITY_ID, CREATED, DESCRIPTION)
VALUES (158, 'GET', 110, CURRENT_TIMESTAMP(), 'For EMPLOYEE_READ');

--

-- GET ADMIN_READ
INSERT INTO INTERNAL.AUTHORITY_PERMISSIONS_TO_WORKSHOP_ENTITY_TYPES (WORKSHOP_ENTITY_TYPE_ID, AUTHORITY_PERMISSION_ID)
VALUES (200, 140);
INSERT INTO INTERNAL.AUTHORITY_PERMISSIONS_TO_WORKSHOP_ENTITY_TYPES (WORKSHOP_ENTITY_TYPE_ID, AUTHORITY_PERMISSION_ID)
VALUES (201, 140);
INSERT INTO INTERNAL.AUTHORITY_PERMISSIONS_TO_WORKSHOP_ENTITY_TYPES (WORKSHOP_ENTITY_TYPE_ID, AUTHORITY_PERMISSION_ID)
VALUES (202, 140);
INSERT INTO INTERNAL.AUTHORITY_PERMISSIONS_TO_WORKSHOP_ENTITY_TYPES (WORKSHOP_ENTITY_TYPE_ID, AUTHORITY_PERMISSION_ID)
VALUES (203, 140);
INSERT INTO INTERNAL.AUTHORITY_PERMISSIONS_TO_WORKSHOP_ENTITY_TYPES (WORKSHOP_ENTITY_TYPE_ID, AUTHORITY_PERMISSION_ID)
VALUES (204, 140);
INSERT INTO INTERNAL.AUTHORITY_PERMISSIONS_TO_WORKSHOP_ENTITY_TYPES (WORKSHOP_ENTITY_TYPE_ID, AUTHORITY_PERMISSION_ID)
VALUES (205, 140);
INSERT INTO INTERNAL.AUTHORITY_PERMISSIONS_TO_WORKSHOP_ENTITY_TYPES (WORKSHOP_ENTITY_TYPE_ID, AUTHORITY_PERMISSION_ID)
VALUES (206, 140);
INSERT INTO INTERNAL.AUTHORITY_PERMISSIONS_TO_WORKSHOP_ENTITY_TYPES (WORKSHOP_ENTITY_TYPE_ID, AUTHORITY_PERMISSION_ID)
VALUES (207, 140);
INSERT INTO INTERNAL.AUTHORITY_PERMISSIONS_TO_WORKSHOP_ENTITY_TYPES (WORKSHOP_ENTITY_TYPE_ID, AUTHORITY_PERMISSION_ID)
VALUES (208, 140);
INSERT INTO INTERNAL.AUTHORITY_PERMISSIONS_TO_WORKSHOP_ENTITY_TYPES (WORKSHOP_ENTITY_TYPE_ID, AUTHORITY_PERMISSION_ID)
VALUES (209, 140);
INSERT INTO INTERNAL.AUTHORITY_PERMISSIONS_TO_WORKSHOP_ENTITY_TYPES (WORKSHOP_ENTITY_TYPE_ID, AUTHORITY_PERMISSION_ID)
VALUES (210, 140);
INSERT INTO INTERNAL.AUTHORITY_PERMISSIONS_TO_WORKSHOP_ENTITY_TYPES (WORKSHOP_ENTITY_TYPE_ID, AUTHORITY_PERMISSION_ID)
VALUES (211, 140);
-- GET ADMIN_WRITE
INSERT INTO INTERNAL.AUTHORITY_PERMISSIONS_TO_WORKSHOP_ENTITY_TYPES (WORKSHOP_ENTITY_TYPE_ID, AUTHORITY_PERMISSION_ID)
VALUES (200, 141);
INSERT INTO INTERNAL.AUTHORITY_PERMISSIONS_TO_WORKSHOP_ENTITY_TYPES (WORKSHOP_ENTITY_TYPE_ID, AUTHORITY_PERMISSION_ID)
VALUES (201, 141);
INSERT INTO INTERNAL.AUTHORITY_PERMISSIONS_TO_WORKSHOP_ENTITY_TYPES (WORKSHOP_ENTITY_TYPE_ID, AUTHORITY_PERMISSION_ID)
VALUES (202, 141);
INSERT INTO INTERNAL.AUTHORITY_PERMISSIONS_TO_WORKSHOP_ENTITY_TYPES (WORKSHOP_ENTITY_TYPE_ID, AUTHORITY_PERMISSION_ID)
VALUES (203, 141);
INSERT INTO INTERNAL.AUTHORITY_PERMISSIONS_TO_WORKSHOP_ENTITY_TYPES (WORKSHOP_ENTITY_TYPE_ID, AUTHORITY_PERMISSION_ID)
VALUES (204, 141);
INSERT INTO INTERNAL.AUTHORITY_PERMISSIONS_TO_WORKSHOP_ENTITY_TYPES (WORKSHOP_ENTITY_TYPE_ID, AUTHORITY_PERMISSION_ID)
VALUES (205, 141);
INSERT INTO INTERNAL.AUTHORITY_PERMISSIONS_TO_WORKSHOP_ENTITY_TYPES (WORKSHOP_ENTITY_TYPE_ID, AUTHORITY_PERMISSION_ID)
VALUES (206, 141);
INSERT INTO INTERNAL.AUTHORITY_PERMISSIONS_TO_WORKSHOP_ENTITY_TYPES (WORKSHOP_ENTITY_TYPE_ID, AUTHORITY_PERMISSION_ID)
VALUES (207, 141);
INSERT INTO INTERNAL.AUTHORITY_PERMISSIONS_TO_WORKSHOP_ENTITY_TYPES (WORKSHOP_ENTITY_TYPE_ID, AUTHORITY_PERMISSION_ID)
VALUES (208, 141);
INSERT INTO INTERNAL.AUTHORITY_PERMISSIONS_TO_WORKSHOP_ENTITY_TYPES (WORKSHOP_ENTITY_TYPE_ID, AUTHORITY_PERMISSION_ID)
VALUES (209, 141);
INSERT INTO INTERNAL.AUTHORITY_PERMISSIONS_TO_WORKSHOP_ENTITY_TYPES (WORKSHOP_ENTITY_TYPE_ID, AUTHORITY_PERMISSION_ID)
VALUES (210, 141);
INSERT INTO INTERNAL.AUTHORITY_PERMISSIONS_TO_WORKSHOP_ENTITY_TYPES (WORKSHOP_ENTITY_TYPE_ID, AUTHORITY_PERMISSION_ID)
VALUES (211, 141);
-- PUT ADMIN_WRITE
INSERT INTO INTERNAL.AUTHORITY_PERMISSIONS_TO_WORKSHOP_ENTITY_TYPES (WORKSHOP_ENTITY_TYPE_ID, AUTHORITY_PERMISSION_ID)
VALUES (200, 142);
INSERT INTO INTERNAL.AUTHORITY_PERMISSIONS_TO_WORKSHOP_ENTITY_TYPES (WORKSHOP_ENTITY_TYPE_ID, AUTHORITY_PERMISSION_ID)
VALUES (201, 142);
INSERT INTO INTERNAL.AUTHORITY_PERMISSIONS_TO_WORKSHOP_ENTITY_TYPES (WORKSHOP_ENTITY_TYPE_ID, AUTHORITY_PERMISSION_ID)
VALUES (202, 142);
INSERT INTO INTERNAL.AUTHORITY_PERMISSIONS_TO_WORKSHOP_ENTITY_TYPES (WORKSHOP_ENTITY_TYPE_ID, AUTHORITY_PERMISSION_ID)
VALUES (203, 142);
INSERT INTO INTERNAL.AUTHORITY_PERMISSIONS_TO_WORKSHOP_ENTITY_TYPES (WORKSHOP_ENTITY_TYPE_ID, AUTHORITY_PERMISSION_ID)
VALUES (204, 142);
INSERT INTO INTERNAL.AUTHORITY_PERMISSIONS_TO_WORKSHOP_ENTITY_TYPES (WORKSHOP_ENTITY_TYPE_ID, AUTHORITY_PERMISSION_ID)
VALUES (205, 142);
INSERT INTO INTERNAL.AUTHORITY_PERMISSIONS_TO_WORKSHOP_ENTITY_TYPES (WORKSHOP_ENTITY_TYPE_ID, AUTHORITY_PERMISSION_ID)
VALUES (206, 142);
INSERT INTO INTERNAL.AUTHORITY_PERMISSIONS_TO_WORKSHOP_ENTITY_TYPES (WORKSHOP_ENTITY_TYPE_ID, AUTHORITY_PERMISSION_ID)
VALUES (207, 142);
INSERT INTO INTERNAL.AUTHORITY_PERMISSIONS_TO_WORKSHOP_ENTITY_TYPES (WORKSHOP_ENTITY_TYPE_ID, AUTHORITY_PERMISSION_ID)
VALUES (208, 142);
INSERT INTO INTERNAL.AUTHORITY_PERMISSIONS_TO_WORKSHOP_ENTITY_TYPES (WORKSHOP_ENTITY_TYPE_ID, AUTHORITY_PERMISSION_ID)
VALUES (209, 142);
INSERT INTO INTERNAL.AUTHORITY_PERMISSIONS_TO_WORKSHOP_ENTITY_TYPES (WORKSHOP_ENTITY_TYPE_ID, AUTHORITY_PERMISSION_ID)
VALUES (210, 142);
INSERT INTO INTERNAL.AUTHORITY_PERMISSIONS_TO_WORKSHOP_ENTITY_TYPES (WORKSHOP_ENTITY_TYPE_ID, AUTHORITY_PERMISSION_ID)
VALUES (211, 142);
-- GET ADMIN_FULL
INSERT INTO INTERNAL.AUTHORITY_PERMISSIONS_TO_WORKSHOP_ENTITY_TYPES (WORKSHOP_ENTITY_TYPE_ID, AUTHORITY_PERMISSION_ID)
VALUES (200, 143);
INSERT INTO INTERNAL.AUTHORITY_PERMISSIONS_TO_WORKSHOP_ENTITY_TYPES (WORKSHOP_ENTITY_TYPE_ID, AUTHORITY_PERMISSION_ID)
VALUES (201, 143);
INSERT INTO INTERNAL.AUTHORITY_PERMISSIONS_TO_WORKSHOP_ENTITY_TYPES (WORKSHOP_ENTITY_TYPE_ID, AUTHORITY_PERMISSION_ID)
VALUES (202, 143);
INSERT INTO INTERNAL.AUTHORITY_PERMISSIONS_TO_WORKSHOP_ENTITY_TYPES (WORKSHOP_ENTITY_TYPE_ID, AUTHORITY_PERMISSION_ID)
VALUES (203, 143);
INSERT INTO INTERNAL.AUTHORITY_PERMISSIONS_TO_WORKSHOP_ENTITY_TYPES (WORKSHOP_ENTITY_TYPE_ID, AUTHORITY_PERMISSION_ID)
VALUES (204, 143);
INSERT INTO INTERNAL.AUTHORITY_PERMISSIONS_TO_WORKSHOP_ENTITY_TYPES (WORKSHOP_ENTITY_TYPE_ID, AUTHORITY_PERMISSION_ID)
VALUES (205, 143);
INSERT INTO INTERNAL.AUTHORITY_PERMISSIONS_TO_WORKSHOP_ENTITY_TYPES (WORKSHOP_ENTITY_TYPE_ID, AUTHORITY_PERMISSION_ID)
VALUES (206, 143);
INSERT INTO INTERNAL.AUTHORITY_PERMISSIONS_TO_WORKSHOP_ENTITY_TYPES (WORKSHOP_ENTITY_TYPE_ID, AUTHORITY_PERMISSION_ID)
VALUES (207, 143);
INSERT INTO INTERNAL.AUTHORITY_PERMISSIONS_TO_WORKSHOP_ENTITY_TYPES (WORKSHOP_ENTITY_TYPE_ID, AUTHORITY_PERMISSION_ID)
VALUES (208, 143);
INSERT INTO INTERNAL.AUTHORITY_PERMISSIONS_TO_WORKSHOP_ENTITY_TYPES (WORKSHOP_ENTITY_TYPE_ID, AUTHORITY_PERMISSION_ID)
VALUES (209, 143);
INSERT INTO INTERNAL.AUTHORITY_PERMISSIONS_TO_WORKSHOP_ENTITY_TYPES (WORKSHOP_ENTITY_TYPE_ID, AUTHORITY_PERMISSION_ID)
VALUES (210, 143);
INSERT INTO INTERNAL.AUTHORITY_PERMISSIONS_TO_WORKSHOP_ENTITY_TYPES (WORKSHOP_ENTITY_TYPE_ID, AUTHORITY_PERMISSION_ID)
VALUES (211, 143);
-- PUT ADMIN_FULL
INSERT INTO INTERNAL.AUTHORITY_PERMISSIONS_TO_WORKSHOP_ENTITY_TYPES (WORKSHOP_ENTITY_TYPE_ID, AUTHORITY_PERMISSION_ID)
VALUES (200, 144);
INSERT INTO INTERNAL.AUTHORITY_PERMISSIONS_TO_WORKSHOP_ENTITY_TYPES (WORKSHOP_ENTITY_TYPE_ID, AUTHORITY_PERMISSION_ID)
VALUES (201, 144);
INSERT INTO INTERNAL.AUTHORITY_PERMISSIONS_TO_WORKSHOP_ENTITY_TYPES (WORKSHOP_ENTITY_TYPE_ID, AUTHORITY_PERMISSION_ID)
VALUES (202, 144);
INSERT INTO INTERNAL.AUTHORITY_PERMISSIONS_TO_WORKSHOP_ENTITY_TYPES (WORKSHOP_ENTITY_TYPE_ID, AUTHORITY_PERMISSION_ID)
VALUES (203, 144);
INSERT INTO INTERNAL.AUTHORITY_PERMISSIONS_TO_WORKSHOP_ENTITY_TYPES (WORKSHOP_ENTITY_TYPE_ID, AUTHORITY_PERMISSION_ID)
VALUES (204, 144);
INSERT INTO INTERNAL.AUTHORITY_PERMISSIONS_TO_WORKSHOP_ENTITY_TYPES (WORKSHOP_ENTITY_TYPE_ID, AUTHORITY_PERMISSION_ID)
VALUES (205, 144);
INSERT INTO INTERNAL.AUTHORITY_PERMISSIONS_TO_WORKSHOP_ENTITY_TYPES (WORKSHOP_ENTITY_TYPE_ID, AUTHORITY_PERMISSION_ID)
VALUES (206, 144);
INSERT INTO INTERNAL.AUTHORITY_PERMISSIONS_TO_WORKSHOP_ENTITY_TYPES (WORKSHOP_ENTITY_TYPE_ID, AUTHORITY_PERMISSION_ID)
VALUES (207, 144);
INSERT INTO INTERNAL.AUTHORITY_PERMISSIONS_TO_WORKSHOP_ENTITY_TYPES (WORKSHOP_ENTITY_TYPE_ID, AUTHORITY_PERMISSION_ID)
VALUES (208, 144);
INSERT INTO INTERNAL.AUTHORITY_PERMISSIONS_TO_WORKSHOP_ENTITY_TYPES (WORKSHOP_ENTITY_TYPE_ID, AUTHORITY_PERMISSION_ID)
VALUES (209, 144);
INSERT INTO INTERNAL.AUTHORITY_PERMISSIONS_TO_WORKSHOP_ENTITY_TYPES (WORKSHOP_ENTITY_TYPE_ID, AUTHORITY_PERMISSION_ID)
VALUES (210, 144);
INSERT INTO INTERNAL.AUTHORITY_PERMISSIONS_TO_WORKSHOP_ENTITY_TYPES (WORKSHOP_ENTITY_TYPE_ID, AUTHORITY_PERMISSION_ID)
VALUES (211, 144);
-- POST ADMIN_FULL
INSERT INTO INTERNAL.AUTHORITY_PERMISSIONS_TO_WORKSHOP_ENTITY_TYPES (WORKSHOP_ENTITY_TYPE_ID, AUTHORITY_PERMISSION_ID)
VALUES (200, 145);
INSERT INTO INTERNAL.AUTHORITY_PERMISSIONS_TO_WORKSHOP_ENTITY_TYPES (WORKSHOP_ENTITY_TYPE_ID, AUTHORITY_PERMISSION_ID)
VALUES (201, 145);
INSERT INTO INTERNAL.AUTHORITY_PERMISSIONS_TO_WORKSHOP_ENTITY_TYPES (WORKSHOP_ENTITY_TYPE_ID, AUTHORITY_PERMISSION_ID)
VALUES (202, 145);
INSERT INTO INTERNAL.AUTHORITY_PERMISSIONS_TO_WORKSHOP_ENTITY_TYPES (WORKSHOP_ENTITY_TYPE_ID, AUTHORITY_PERMISSION_ID)
VALUES (203, 145);
INSERT INTO INTERNAL.AUTHORITY_PERMISSIONS_TO_WORKSHOP_ENTITY_TYPES (WORKSHOP_ENTITY_TYPE_ID, AUTHORITY_PERMISSION_ID)
VALUES (204, 145);
INSERT INTO INTERNAL.AUTHORITY_PERMISSIONS_TO_WORKSHOP_ENTITY_TYPES (WORKSHOP_ENTITY_TYPE_ID, AUTHORITY_PERMISSION_ID)
VALUES (205, 145);
INSERT INTO INTERNAL.AUTHORITY_PERMISSIONS_TO_WORKSHOP_ENTITY_TYPES (WORKSHOP_ENTITY_TYPE_ID, AUTHORITY_PERMISSION_ID)
VALUES (206, 145);
INSERT INTO INTERNAL.AUTHORITY_PERMISSIONS_TO_WORKSHOP_ENTITY_TYPES (WORKSHOP_ENTITY_TYPE_ID, AUTHORITY_PERMISSION_ID)
VALUES (207, 145);
INSERT INTO INTERNAL.AUTHORITY_PERMISSIONS_TO_WORKSHOP_ENTITY_TYPES (WORKSHOP_ENTITY_TYPE_ID, AUTHORITY_PERMISSION_ID)
VALUES (208, 145);
INSERT INTO INTERNAL.AUTHORITY_PERMISSIONS_TO_WORKSHOP_ENTITY_TYPES (WORKSHOP_ENTITY_TYPE_ID, AUTHORITY_PERMISSION_ID)
VALUES (209, 145);
INSERT INTO INTERNAL.AUTHORITY_PERMISSIONS_TO_WORKSHOP_ENTITY_TYPES (WORKSHOP_ENTITY_TYPE_ID, AUTHORITY_PERMISSION_ID)
VALUES (210, 145);
INSERT INTO INTERNAL.AUTHORITY_PERMISSIONS_TO_WORKSHOP_ENTITY_TYPES (WORKSHOP_ENTITY_TYPE_ID, AUTHORITY_PERMISSION_ID)
VALUES (211, 145);
-- DELETE ADMIN_FULL
INSERT INTO INTERNAL.AUTHORITY_PERMISSIONS_TO_WORKSHOP_ENTITY_TYPES (WORKSHOP_ENTITY_TYPE_ID, AUTHORITY_PERMISSION_ID)
VALUES (200, 160);
INSERT INTO INTERNAL.AUTHORITY_PERMISSIONS_TO_WORKSHOP_ENTITY_TYPES (WORKSHOP_ENTITY_TYPE_ID, AUTHORITY_PERMISSION_ID)
VALUES (201, 160);
INSERT INTO INTERNAL.AUTHORITY_PERMISSIONS_TO_WORKSHOP_ENTITY_TYPES (WORKSHOP_ENTITY_TYPE_ID, AUTHORITY_PERMISSION_ID)
VALUES (202, 160);
INSERT INTO INTERNAL.AUTHORITY_PERMISSIONS_TO_WORKSHOP_ENTITY_TYPES (WORKSHOP_ENTITY_TYPE_ID, AUTHORITY_PERMISSION_ID)
VALUES (203, 160);
INSERT INTO INTERNAL.AUTHORITY_PERMISSIONS_TO_WORKSHOP_ENTITY_TYPES (WORKSHOP_ENTITY_TYPE_ID, AUTHORITY_PERMISSION_ID)
VALUES (204, 160);
INSERT INTO INTERNAL.AUTHORITY_PERMISSIONS_TO_WORKSHOP_ENTITY_TYPES (WORKSHOP_ENTITY_TYPE_ID, AUTHORITY_PERMISSION_ID)
VALUES (205, 160);
INSERT INTO INTERNAL.AUTHORITY_PERMISSIONS_TO_WORKSHOP_ENTITY_TYPES (WORKSHOP_ENTITY_TYPE_ID, AUTHORITY_PERMISSION_ID)
VALUES (206, 160);
INSERT INTO INTERNAL.AUTHORITY_PERMISSIONS_TO_WORKSHOP_ENTITY_TYPES (WORKSHOP_ENTITY_TYPE_ID, AUTHORITY_PERMISSION_ID)
VALUES (207, 160);
INSERT INTO INTERNAL.AUTHORITY_PERMISSIONS_TO_WORKSHOP_ENTITY_TYPES (WORKSHOP_ENTITY_TYPE_ID, AUTHORITY_PERMISSION_ID)
VALUES (208, 160);
INSERT INTO INTERNAL.AUTHORITY_PERMISSIONS_TO_WORKSHOP_ENTITY_TYPES (WORKSHOP_ENTITY_TYPE_ID, AUTHORITY_PERMISSION_ID)
VALUES (209, 160);
INSERT INTO INTERNAL.AUTHORITY_PERMISSIONS_TO_WORKSHOP_ENTITY_TYPES (WORKSHOP_ENTITY_TYPE_ID, AUTHORITY_PERMISSION_ID)
VALUES (210, 160);
INSERT INTO INTERNAL.AUTHORITY_PERMISSIONS_TO_WORKSHOP_ENTITY_TYPES (WORKSHOP_ENTITY_TYPE_ID, AUTHORITY_PERMISSION_ID)
VALUES (211, 160);
-- GET WORKSHOP_READ
INSERT INTO INTERNAL.AUTHORITY_PERMISSIONS_TO_WORKSHOP_ENTITY_TYPES (WORKSHOP_ENTITY_TYPE_ID, AUTHORITY_PERMISSION_ID)
VALUES (203, 146);
INSERT INTO INTERNAL.AUTHORITY_PERMISSIONS_TO_WORKSHOP_ENTITY_TYPES (WORKSHOP_ENTITY_TYPE_ID, AUTHORITY_PERMISSION_ID)
VALUES (205, 146);
INSERT INTO INTERNAL.AUTHORITY_PERMISSIONS_TO_WORKSHOP_ENTITY_TYPES (WORKSHOP_ENTITY_TYPE_ID, AUTHORITY_PERMISSION_ID)
VALUES (209, 146);
INSERT INTO INTERNAL.AUTHORITY_PERMISSIONS_TO_WORKSHOP_ENTITY_TYPES (WORKSHOP_ENTITY_TYPE_ID, AUTHORITY_PERMISSION_ID)
VALUES (201, 146);
INSERT INTO INTERNAL.AUTHORITY_PERMISSIONS_TO_WORKSHOP_ENTITY_TYPES (WORKSHOP_ENTITY_TYPE_ID, AUTHORITY_PERMISSION_ID)
VALUES (207, 146);
INSERT INTO INTERNAL.AUTHORITY_PERMISSIONS_TO_WORKSHOP_ENTITY_TYPES (WORKSHOP_ENTITY_TYPE_ID, AUTHORITY_PERMISSION_ID)
VALUES (210, 146);
INSERT INTO INTERNAL.AUTHORITY_PERMISSIONS_TO_WORKSHOP_ENTITY_TYPES (WORKSHOP_ENTITY_TYPE_ID, AUTHORITY_PERMISSION_ID)
VALUES (204, 146);
-- GET WORKSHOP_WRITE
INSERT INTO INTERNAL.AUTHORITY_PERMISSIONS_TO_WORKSHOP_ENTITY_TYPES (WORKSHOP_ENTITY_TYPE_ID, AUTHORITY_PERMISSION_ID)
VALUES (203, 147);
INSERT INTO INTERNAL.AUTHORITY_PERMISSIONS_TO_WORKSHOP_ENTITY_TYPES (WORKSHOP_ENTITY_TYPE_ID, AUTHORITY_PERMISSION_ID)
VALUES (205, 147);
INSERT INTO INTERNAL.AUTHORITY_PERMISSIONS_TO_WORKSHOP_ENTITY_TYPES (WORKSHOP_ENTITY_TYPE_ID, AUTHORITY_PERMISSION_ID)
VALUES (209, 147);
INSERT INTO INTERNAL.AUTHORITY_PERMISSIONS_TO_WORKSHOP_ENTITY_TYPES (WORKSHOP_ENTITY_TYPE_ID, AUTHORITY_PERMISSION_ID)
VALUES (201, 147);
INSERT INTO INTERNAL.AUTHORITY_PERMISSIONS_TO_WORKSHOP_ENTITY_TYPES (WORKSHOP_ENTITY_TYPE_ID, AUTHORITY_PERMISSION_ID)
VALUES (207, 147);
INSERT INTO INTERNAL.AUTHORITY_PERMISSIONS_TO_WORKSHOP_ENTITY_TYPES (WORKSHOP_ENTITY_TYPE_ID, AUTHORITY_PERMISSION_ID)
VALUES (210, 147);
INSERT INTO INTERNAL.AUTHORITY_PERMISSIONS_TO_WORKSHOP_ENTITY_TYPES (WORKSHOP_ENTITY_TYPE_ID, AUTHORITY_PERMISSION_ID)
VALUES (204, 147);
-- PUT WORKSHOP_WRITE
INSERT INTO INTERNAL.AUTHORITY_PERMISSIONS_TO_WORKSHOP_ENTITY_TYPES (WORKSHOP_ENTITY_TYPE_ID, AUTHORITY_PERMISSION_ID)
VALUES (201, 148);
INSERT INTO INTERNAL.AUTHORITY_PERMISSIONS_TO_WORKSHOP_ENTITY_TYPES (WORKSHOP_ENTITY_TYPE_ID, AUTHORITY_PERMISSION_ID)
VALUES (206, 148);
INSERT INTO INTERNAL.AUTHORITY_PERMISSIONS_TO_WORKSHOP_ENTITY_TYPES (WORKSHOP_ENTITY_TYPE_ID, AUTHORITY_PERMISSION_ID)
VALUES (209, 148);
INSERT INTO INTERNAL.AUTHORITY_PERMISSIONS_TO_WORKSHOP_ENTITY_TYPES (WORKSHOP_ENTITY_TYPE_ID, AUTHORITY_PERMISSION_ID)
VALUES (207, 148);
INSERT INTO INTERNAL.AUTHORITY_PERMISSIONS_TO_WORKSHOP_ENTITY_TYPES (WORKSHOP_ENTITY_TYPE_ID, AUTHORITY_PERMISSION_ID)
VALUES (210, 148);
-- GET WORKSHOP_FULL
INSERT INTO INTERNAL.AUTHORITY_PERMISSIONS_TO_WORKSHOP_ENTITY_TYPES (WORKSHOP_ENTITY_TYPE_ID, AUTHORITY_PERMISSION_ID)
VALUES (203, 149);
INSERT INTO INTERNAL.AUTHORITY_PERMISSIONS_TO_WORKSHOP_ENTITY_TYPES (WORKSHOP_ENTITY_TYPE_ID, AUTHORITY_PERMISSION_ID)
VALUES (205, 149);
INSERT INTO INTERNAL.AUTHORITY_PERMISSIONS_TO_WORKSHOP_ENTITY_TYPES (WORKSHOP_ENTITY_TYPE_ID, AUTHORITY_PERMISSION_ID)
VALUES (209, 149);
INSERT INTO INTERNAL.AUTHORITY_PERMISSIONS_TO_WORKSHOP_ENTITY_TYPES (WORKSHOP_ENTITY_TYPE_ID, AUTHORITY_PERMISSION_ID)
VALUES (201, 149);
INSERT INTO INTERNAL.AUTHORITY_PERMISSIONS_TO_WORKSHOP_ENTITY_TYPES (WORKSHOP_ENTITY_TYPE_ID, AUTHORITY_PERMISSION_ID)
VALUES (207, 149);
INSERT INTO INTERNAL.AUTHORITY_PERMISSIONS_TO_WORKSHOP_ENTITY_TYPES (WORKSHOP_ENTITY_TYPE_ID, AUTHORITY_PERMISSION_ID)
VALUES (210, 149);
INSERT INTO INTERNAL.AUTHORITY_PERMISSIONS_TO_WORKSHOP_ENTITY_TYPES (WORKSHOP_ENTITY_TYPE_ID, AUTHORITY_PERMISSION_ID)
VALUES (204, 149);
-- PUT WORKSHOP_FULL
INSERT INTO INTERNAL.AUTHORITY_PERMISSIONS_TO_WORKSHOP_ENTITY_TYPES (WORKSHOP_ENTITY_TYPE_ID, AUTHORITY_PERMISSION_ID)
VALUES (201, 150);
INSERT INTO INTERNAL.AUTHORITY_PERMISSIONS_TO_WORKSHOP_ENTITY_TYPES (WORKSHOP_ENTITY_TYPE_ID, AUTHORITY_PERMISSION_ID)
VALUES (206, 150);
INSERT INTO INTERNAL.AUTHORITY_PERMISSIONS_TO_WORKSHOP_ENTITY_TYPES (WORKSHOP_ENTITY_TYPE_ID, AUTHORITY_PERMISSION_ID)
VALUES (209, 150);
INSERT INTO INTERNAL.AUTHORITY_PERMISSIONS_TO_WORKSHOP_ENTITY_TYPES (WORKSHOP_ENTITY_TYPE_ID, AUTHORITY_PERMISSION_ID)
VALUES (207, 150);
INSERT INTO INTERNAL.AUTHORITY_PERMISSIONS_TO_WORKSHOP_ENTITY_TYPES (WORKSHOP_ENTITY_TYPE_ID, AUTHORITY_PERMISSION_ID)
VALUES (210, 150);
-- POST WORKSHOP_FULL
INSERT INTO INTERNAL.AUTHORITY_PERMISSIONS_TO_WORKSHOP_ENTITY_TYPES (WORKSHOP_ENTITY_TYPE_ID, AUTHORITY_PERMISSION_ID)
VALUES (201, 151);
INSERT INTO INTERNAL.AUTHORITY_PERMISSIONS_TO_WORKSHOP_ENTITY_TYPES (WORKSHOP_ENTITY_TYPE_ID, AUTHORITY_PERMISSION_ID)
VALUES (206, 151);
INSERT INTO INTERNAL.AUTHORITY_PERMISSIONS_TO_WORKSHOP_ENTITY_TYPES (WORKSHOP_ENTITY_TYPE_ID, AUTHORITY_PERMISSION_ID)
VALUES (209, 151);
INSERT INTO INTERNAL.AUTHORITY_PERMISSIONS_TO_WORKSHOP_ENTITY_TYPES (WORKSHOP_ENTITY_TYPE_ID, AUTHORITY_PERMISSION_ID)
VALUES (207, 151);
INSERT INTO INTERNAL.AUTHORITY_PERMISSIONS_TO_WORKSHOP_ENTITY_TYPES (WORKSHOP_ENTITY_TYPE_ID, AUTHORITY_PERMISSION_ID)
VALUES (210, 151);
INSERT INTO INTERNAL.AUTHORITY_PERMISSIONS_TO_WORKSHOP_ENTITY_TYPES (WORKSHOP_ENTITY_TYPE_ID, AUTHORITY_PERMISSION_ID)
VALUES (204, 151);
-- DELETE WORKSHOP_FULL
INSERT INTO INTERNAL.AUTHORITY_PERMISSIONS_TO_WORKSHOP_ENTITY_TYPES (WORKSHOP_ENTITY_TYPE_ID, AUTHORITY_PERMISSION_ID)
VALUES (201, 161);
INSERT INTO INTERNAL.AUTHORITY_PERMISSIONS_TO_WORKSHOP_ENTITY_TYPES (WORKSHOP_ENTITY_TYPE_ID, AUTHORITY_PERMISSION_ID)
VALUES (206, 161);
INSERT INTO INTERNAL.AUTHORITY_PERMISSIONS_TO_WORKSHOP_ENTITY_TYPES (WORKSHOP_ENTITY_TYPE_ID, AUTHORITY_PERMISSION_ID)
VALUES (209, 161);
INSERT INTO INTERNAL.AUTHORITY_PERMISSIONS_TO_WORKSHOP_ENTITY_TYPES (WORKSHOP_ENTITY_TYPE_ID, AUTHORITY_PERMISSION_ID)
VALUES (207, 161);
INSERT INTO INTERNAL.AUTHORITY_PERMISSIONS_TO_WORKSHOP_ENTITY_TYPES (WORKSHOP_ENTITY_TYPE_ID, AUTHORITY_PERMISSION_ID)
VALUES (210, 161);
INSERT INTO INTERNAL.AUTHORITY_PERMISSIONS_TO_WORKSHOP_ENTITY_TYPES (WORKSHOP_ENTITY_TYPE_ID, AUTHORITY_PERMISSION_ID)
VALUES (204, 161);
-- GET HR_READ
INSERT INTO INTERNAL.AUTHORITY_PERMISSIONS_TO_WORKSHOP_ENTITY_TYPES (WORKSHOP_ENTITY_TYPE_ID, AUTHORITY_PERMISSION_ID)
VALUES (203, 152);
INSERT INTO INTERNAL.AUTHORITY_PERMISSIONS_TO_WORKSHOP_ENTITY_TYPES (WORKSHOP_ENTITY_TYPE_ID, AUTHORITY_PERMISSION_ID)
VALUES (202, 152);
INSERT INTO INTERNAL.AUTHORITY_PERMISSIONS_TO_WORKSHOP_ENTITY_TYPES (WORKSHOP_ENTITY_TYPE_ID, AUTHORITY_PERMISSION_ID)
VALUES (207, 152);
INSERT INTO INTERNAL.AUTHORITY_PERMISSIONS_TO_WORKSHOP_ENTITY_TYPES (WORKSHOP_ENTITY_TYPE_ID, AUTHORITY_PERMISSION_ID)
VALUES (208, 152);
INSERT INTO INTERNAL.AUTHORITY_PERMISSIONS_TO_WORKSHOP_ENTITY_TYPES (WORKSHOP_ENTITY_TYPE_ID, AUTHORITY_PERMISSION_ID)
VALUES (209, 152);
INSERT INTO INTERNAL.AUTHORITY_PERMISSIONS_TO_WORKSHOP_ENTITY_TYPES (WORKSHOP_ENTITY_TYPE_ID, AUTHORITY_PERMISSION_ID)
VALUES (206, 152);
INSERT INTO INTERNAL.AUTHORITY_PERMISSIONS_TO_WORKSHOP_ENTITY_TYPES (WORKSHOP_ENTITY_TYPE_ID, AUTHORITY_PERMISSION_ID)
VALUES (210, 152);
-- GET HR_WRITE
INSERT INTO INTERNAL.AUTHORITY_PERMISSIONS_TO_WORKSHOP_ENTITY_TYPES (WORKSHOP_ENTITY_TYPE_ID, AUTHORITY_PERMISSION_ID)
VALUES (203, 153);
INSERT INTO INTERNAL.AUTHORITY_PERMISSIONS_TO_WORKSHOP_ENTITY_TYPES (WORKSHOP_ENTITY_TYPE_ID, AUTHORITY_PERMISSION_ID)
VALUES (202, 153);
INSERT INTO INTERNAL.AUTHORITY_PERMISSIONS_TO_WORKSHOP_ENTITY_TYPES (WORKSHOP_ENTITY_TYPE_ID, AUTHORITY_PERMISSION_ID)
VALUES (207, 153);
INSERT INTO INTERNAL.AUTHORITY_PERMISSIONS_TO_WORKSHOP_ENTITY_TYPES (WORKSHOP_ENTITY_TYPE_ID, AUTHORITY_PERMISSION_ID)
VALUES (208, 153);
INSERT INTO INTERNAL.AUTHORITY_PERMISSIONS_TO_WORKSHOP_ENTITY_TYPES (WORKSHOP_ENTITY_TYPE_ID, AUTHORITY_PERMISSION_ID)
VALUES (209, 153);
INSERT INTO INTERNAL.AUTHORITY_PERMISSIONS_TO_WORKSHOP_ENTITY_TYPES (WORKSHOP_ENTITY_TYPE_ID, AUTHORITY_PERMISSION_ID)
VALUES (206, 153);
INSERT INTO INTERNAL.AUTHORITY_PERMISSIONS_TO_WORKSHOP_ENTITY_TYPES (WORKSHOP_ENTITY_TYPE_ID, AUTHORITY_PERMISSION_ID)
VALUES (210, 153);
-- PUT HR_WRITE
INSERT INTO INTERNAL.AUTHORITY_PERMISSIONS_TO_WORKSHOP_ENTITY_TYPES (WORKSHOP_ENTITY_TYPE_ID, AUTHORITY_PERMISSION_ID)
VALUES (203, 154);
INSERT INTO INTERNAL.AUTHORITY_PERMISSIONS_TO_WORKSHOP_ENTITY_TYPES (WORKSHOP_ENTITY_TYPE_ID, AUTHORITY_PERMISSION_ID)
VALUES (207, 154);
INSERT INTO INTERNAL.AUTHORITY_PERMISSIONS_TO_WORKSHOP_ENTITY_TYPES (WORKSHOP_ENTITY_TYPE_ID, AUTHORITY_PERMISSION_ID)
VALUES (206, 154);
INSERT INTO INTERNAL.AUTHORITY_PERMISSIONS_TO_WORKSHOP_ENTITY_TYPES (WORKSHOP_ENTITY_TYPE_ID, AUTHORITY_PERMISSION_ID)
VALUES (209, 154);
INSERT INTO INTERNAL.AUTHORITY_PERMISSIONS_TO_WORKSHOP_ENTITY_TYPES (WORKSHOP_ENTITY_TYPE_ID, AUTHORITY_PERMISSION_ID)
VALUES (204, 154);
INSERT INTO INTERNAL.AUTHORITY_PERMISSIONS_TO_WORKSHOP_ENTITY_TYPES (WORKSHOP_ENTITY_TYPE_ID, AUTHORITY_PERMISSION_ID)
VALUES (210, 154);
-- GET HR_FULL
INSERT INTO INTERNAL.AUTHORITY_PERMISSIONS_TO_WORKSHOP_ENTITY_TYPES (WORKSHOP_ENTITY_TYPE_ID, AUTHORITY_PERMISSION_ID)
VALUES (203, 155);
INSERT INTO INTERNAL.AUTHORITY_PERMISSIONS_TO_WORKSHOP_ENTITY_TYPES (WORKSHOP_ENTITY_TYPE_ID, AUTHORITY_PERMISSION_ID)
VALUES (202, 155);
INSERT INTO INTERNAL.AUTHORITY_PERMISSIONS_TO_WORKSHOP_ENTITY_TYPES (WORKSHOP_ENTITY_TYPE_ID, AUTHORITY_PERMISSION_ID)
VALUES (207, 155);
INSERT INTO INTERNAL.AUTHORITY_PERMISSIONS_TO_WORKSHOP_ENTITY_TYPES (WORKSHOP_ENTITY_TYPE_ID, AUTHORITY_PERMISSION_ID)
VALUES (208, 155);
INSERT INTO INTERNAL.AUTHORITY_PERMISSIONS_TO_WORKSHOP_ENTITY_TYPES (WORKSHOP_ENTITY_TYPE_ID, AUTHORITY_PERMISSION_ID)
VALUES (209, 155);
INSERT INTO INTERNAL.AUTHORITY_PERMISSIONS_TO_WORKSHOP_ENTITY_TYPES (WORKSHOP_ENTITY_TYPE_ID, AUTHORITY_PERMISSION_ID)
VALUES (206, 155);
INSERT INTO INTERNAL.AUTHORITY_PERMISSIONS_TO_WORKSHOP_ENTITY_TYPES (WORKSHOP_ENTITY_TYPE_ID, AUTHORITY_PERMISSION_ID)
VALUES (210, 155);
-- PUT HR_FULL
INSERT INTO INTERNAL.AUTHORITY_PERMISSIONS_TO_WORKSHOP_ENTITY_TYPES (WORKSHOP_ENTITY_TYPE_ID, AUTHORITY_PERMISSION_ID)
VALUES (203, 156);
INSERT INTO INTERNAL.AUTHORITY_PERMISSIONS_TO_WORKSHOP_ENTITY_TYPES (WORKSHOP_ENTITY_TYPE_ID, AUTHORITY_PERMISSION_ID)
VALUES (207, 156);
INSERT INTO INTERNAL.AUTHORITY_PERMISSIONS_TO_WORKSHOP_ENTITY_TYPES (WORKSHOP_ENTITY_TYPE_ID, AUTHORITY_PERMISSION_ID)
VALUES (206, 156);
INSERT INTO INTERNAL.AUTHORITY_PERMISSIONS_TO_WORKSHOP_ENTITY_TYPES (WORKSHOP_ENTITY_TYPE_ID, AUTHORITY_PERMISSION_ID)
VALUES (209, 156);
INSERT INTO INTERNAL.AUTHORITY_PERMISSIONS_TO_WORKSHOP_ENTITY_TYPES (WORKSHOP_ENTITY_TYPE_ID, AUTHORITY_PERMISSION_ID)
VALUES (204, 156);
INSERT INTO INTERNAL.AUTHORITY_PERMISSIONS_TO_WORKSHOP_ENTITY_TYPES (WORKSHOP_ENTITY_TYPE_ID, AUTHORITY_PERMISSION_ID)
VALUES (210, 156);
-- POST HR_FULL
INSERT INTO INTERNAL.AUTHORITY_PERMISSIONS_TO_WORKSHOP_ENTITY_TYPES (WORKSHOP_ENTITY_TYPE_ID, AUTHORITY_PERMISSION_ID)
VALUES (202, 157);
INSERT INTO INTERNAL.AUTHORITY_PERMISSIONS_TO_WORKSHOP_ENTITY_TYPES (WORKSHOP_ENTITY_TYPE_ID, AUTHORITY_PERMISSION_ID)
VALUES (203, 157);
INSERT INTO INTERNAL.AUTHORITY_PERMISSIONS_TO_WORKSHOP_ENTITY_TYPES (WORKSHOP_ENTITY_TYPE_ID, AUTHORITY_PERMISSION_ID)
VALUES (208, 157);
INSERT INTO INTERNAL.AUTHORITY_PERMISSIONS_TO_WORKSHOP_ENTITY_TYPES (WORKSHOP_ENTITY_TYPE_ID, AUTHORITY_PERMISSION_ID)
VALUES (205, 157);
INSERT INTO INTERNAL.AUTHORITY_PERMISSIONS_TO_WORKSHOP_ENTITY_TYPES (WORKSHOP_ENTITY_TYPE_ID, AUTHORITY_PERMISSION_ID)
VALUES (207, 157);
INSERT INTO INTERNAL.AUTHORITY_PERMISSIONS_TO_WORKSHOP_ENTITY_TYPES (WORKSHOP_ENTITY_TYPE_ID, AUTHORITY_PERMISSION_ID)
VALUES (209, 157);
INSERT INTO INTERNAL.AUTHORITY_PERMISSIONS_TO_WORKSHOP_ENTITY_TYPES (WORKSHOP_ENTITY_TYPE_ID, AUTHORITY_PERMISSION_ID)
VALUES (206, 157);
INSERT INTO INTERNAL.AUTHORITY_PERMISSIONS_TO_WORKSHOP_ENTITY_TYPES (WORKSHOP_ENTITY_TYPE_ID, AUTHORITY_PERMISSION_ID)
VALUES (201, 157);
INSERT INTO INTERNAL.AUTHORITY_PERMISSIONS_TO_WORKSHOP_ENTITY_TYPES (WORKSHOP_ENTITY_TYPE_ID, AUTHORITY_PERMISSION_ID)
VALUES (210, 157);
INSERT INTO INTERNAL.AUTHORITY_PERMISSIONS_TO_WORKSHOP_ENTITY_TYPES (WORKSHOP_ENTITY_TYPE_ID, AUTHORITY_PERMISSION_ID)
VALUES (204, 157);
-- DELETE HR_FULL
INSERT INTO INTERNAL.AUTHORITY_PERMISSIONS_TO_WORKSHOP_ENTITY_TYPES (WORKSHOP_ENTITY_TYPE_ID, AUTHORITY_PERMISSION_ID)
VALUES (202, 162);
INSERT INTO INTERNAL.AUTHORITY_PERMISSIONS_TO_WORKSHOP_ENTITY_TYPES (WORKSHOP_ENTITY_TYPE_ID, AUTHORITY_PERMISSION_ID)
VALUES (203, 162);
INSERT INTO INTERNAL.AUTHORITY_PERMISSIONS_TO_WORKSHOP_ENTITY_TYPES (WORKSHOP_ENTITY_TYPE_ID, AUTHORITY_PERMISSION_ID)
VALUES (208, 162);
INSERT INTO INTERNAL.AUTHORITY_PERMISSIONS_TO_WORKSHOP_ENTITY_TYPES (WORKSHOP_ENTITY_TYPE_ID, AUTHORITY_PERMISSION_ID)
VALUES (205, 162);
INSERT INTO INTERNAL.AUTHORITY_PERMISSIONS_TO_WORKSHOP_ENTITY_TYPES (WORKSHOP_ENTITY_TYPE_ID, AUTHORITY_PERMISSION_ID)
VALUES (207, 162);
INSERT INTO INTERNAL.AUTHORITY_PERMISSIONS_TO_WORKSHOP_ENTITY_TYPES (WORKSHOP_ENTITY_TYPE_ID, AUTHORITY_PERMISSION_ID)
VALUES (209, 162);
INSERT INTO INTERNAL.AUTHORITY_PERMISSIONS_TO_WORKSHOP_ENTITY_TYPES (WORKSHOP_ENTITY_TYPE_ID, AUTHORITY_PERMISSION_ID)
VALUES (206, 162);
INSERT INTO INTERNAL.AUTHORITY_PERMISSIONS_TO_WORKSHOP_ENTITY_TYPES (WORKSHOP_ENTITY_TYPE_ID, AUTHORITY_PERMISSION_ID)
VALUES (201, 162);
INSERT INTO INTERNAL.AUTHORITY_PERMISSIONS_TO_WORKSHOP_ENTITY_TYPES (WORKSHOP_ENTITY_TYPE_ID, AUTHORITY_PERMISSION_ID)
VALUES (210, 162);
INSERT INTO INTERNAL.AUTHORITY_PERMISSIONS_TO_WORKSHOP_ENTITY_TYPES (WORKSHOP_ENTITY_TYPE_ID, AUTHORITY_PERMISSION_ID)
VALUES (204, 162);
-- GET EMPLOYEE_READ
INSERT INTO INTERNAL.AUTHORITY_PERMISSIONS_TO_WORKSHOP_ENTITY_TYPES (WORKSHOP_ENTITY_TYPE_ID, AUTHORITY_PERMISSION_ID)
VALUES (203, 158);
INSERT INTO INTERNAL.AUTHORITY_PERMISSIONS_TO_WORKSHOP_ENTITY_TYPES (WORKSHOP_ENTITY_TYPE_ID, AUTHORITY_PERMISSION_ID)
VALUES (207, 158);

--

INSERT INTO INTERNAL.DEPARTMENTS (ID, NAME, CREATED)
VALUES (1, 'SITE MANAGEMENT', PARSEDATETIME('17-09-2010 12:00', 'dd-MM-yyyy hh:mm'));
INSERT INTO INTERNAL.DEPARTMENTS (ID, NAME, CREATED)
VALUES (2, 'HR', PARSEDATETIME('17-09-2010 12:00', 'dd-MM-yyyy hh:mm'));
INSERT INTO INTERNAL.DEPARTMENTS (ID, NAME, CREATED)
VALUES (3, 'MANAGEMENT', PARSEDATETIME('17-09-2010 12:00', 'dd-MM-yyyy hh:mm'));
INSERT INTO INTERNAL.DEPARTMENTS (ID, NAME, CREATED)
VALUES (4, 'TECHNICAL DEPARTMENT', PARSEDATETIME('17-09-2010 12:00', 'dd-MM-yyyy hh:mm'));

--

INSERT INTO INTERNAL.POSITIONS (ID, NAME, DESCRIPTION, CREATED, DEPARTMENT_ID)
VALUES (11, 'Administrator', 'Администратор сайта с доступом ко всем разделам.', PARSEDATETIME('27-09-2010 12:00', 'dd-MM-yyyy hh:mm'), 1);
INSERT INTO INTERNAL.POSITIONS (ID, NAME, DESCRIPTION, CREATED, DEPARTMENT_ID)
VALUES (12, 'Senior personnel manager', 'Старший работник отдела кадров', PARSEDATETIME('27-09-2010 12:00', 'dd-MM-yyyy hh:mm'), 2);
INSERT INTO INTERNAL.POSITIONS (ID, NAME, DESCRIPTION, CREATED, DEPARTMENT_ID)
VALUES (13, 'Personnel manager', 'Работник отдела кадров', PARSEDATETIME('27-09-2010 12:00', 'dd-MM-yyyy hh:mm'), 2);
INSERT INTO INTERNAL.POSITIONS (ID, NAME, DESCRIPTION, CREATED, DEPARTMENT_ID)
VALUES (14, 'Senior manager', 'Старший менеджер по управлению заказами', PARSEDATETIME('27-09-2010 12:00', 'dd-MM-yyyy hh:mm'), 3);
INSERT INTO INTERNAL.POSITIONS (ID, NAME, DESCRIPTION, CREATED, DEPARTMENT_ID)
VALUES (15, 'Manager', 'Менеджер по управлению заказами', PARSEDATETIME('27-09-2010 12:00', 'dd-MM-yyyy hh:mm'), 3);
INSERT INTO INTERNAL.POSITIONS (ID, NAME, DESCRIPTION, CREATED, DEPARTMENT_ID)
VALUES (16, 'Senior technician', 'Старший техник', PARSEDATETIME('27-09-2010 12:00', 'dd-MM-yyyy hh:mm'), 4);
INSERT INTO INTERNAL.POSITIONS (ID, NAME, DESCRIPTION, CREATED, DEPARTMENT_ID)
VALUES (17, 'Technician', 'Техник', PARSEDATETIME('27-09-2010 12:00', 'dd-MM-yyyy hh:mm'), 4);

-- ALL PASSWORDS ARE THE SAME AS BCryptPasswordEncoder.encode STRING "12345" FOR THE SIMPLICITY

INSERT INTO INTERNAL.EMPLOYEES (ID, BIRTHDAY, EMAIL, FIRST_NAME, LAST_NAME, PASSWORD, EMPLOYED, IS_ENABLED, POSITION_ID,
								LANGUAGE_TAG)
VALUES (21, DATE '1970-02-14', 'admin@workshop.pro', 'Feofan', 'Mudovski',
		'$2a$10$3ZP75a6hiK0jjPgIYSqDPeAHy954ynYFDK6OibhJg4Wc4F4JfVOqa', PARSEDATETIME('20-12-2010 12:00', 'dd-MM-yyyy hh:mm'), TRUE, 11, 'ru');
INSERT INTO INTERNAL.EMPLOYEES (ID, BIRTHDAY, EMAIL, FIRST_NAME, LAST_NAME, PASSWORD, EMPLOYED, IS_ENABLED, POSITION_ID,
								LANGUAGE_TAG)
VALUES (22, DATE '1985-11-18', 'neotlozhka@workshop.pro', 'Ambulatoriya', 'Neotlozhnaya',
		'$2a$10$IOQse1xvam3Wqm6MC5fc4.IxZNTnNLQXiRR4CRkOQ8ynkJakzHqqu', PARSEDATETIME('20-12-2010 12:00', 'dd-MM-yyyy hh:mm'), TRUE, 12, 'ru');
INSERT INTO INTERNAL.EMPLOYEES (ID, BIRTHDAY, EMAIL, FIRST_NAME, LAST_NAME, PASSWORD, EMPLOYED, IS_ENABLED, POSITION_ID,
								LANGUAGE_TAG)
VALUES (23, DATE '1999-01-05', 'bozhena@workshop.pro', 'Skolota', 'Bozhenova',
		'$2a$10$xT0XO4QAEwkdBQpExuYOXOq0uzSkxBvFiwPKXapsziUoGFQW0B4xS', PARSEDATETIME('20-12-2010 12:00', 'dd-MM-yyyy hh:mm'), TRUE, 13, 'en');
INSERT INTO INTERNAL.EMPLOYEES (ID, BIRTHDAY, EMAIL, FIRST_NAME, LAST_NAME, PASSWORD, EMPLOYED, IS_ENABLED, POSITION_ID,
								LANGUAGE_TAG)
VALUES (24, DATE '1991-10-09', 'petro@workshop.pro', 'Oktavian', 'Petrov',
		'$2a$10$zvHjaq7bDWCD' || '.mAm/RPgDOK1F6Mp7RK5OvJPVyZpl96bbForV/LcG', PARSEDATETIME('20-12-2010 12:00', 'dd-MM-yyyy hh:mm'), TRUE, 14, 'ru');
INSERT INTO INTERNAL.EMPLOYEES (ID, BIRTHDAY, EMAIL, FIRST_NAME, LAST_NAME, PASSWORD, EMPLOYED, IS_ENABLED, POSITION_ID,
								LANGUAGE_TAG)
VALUES (25, DATE '1973-03-21', 'sobolev@workshop.pro', 'Kirill', 'Sobolev',
		'$2a$10$EgyGzvUTWH' || '.uOqTT6LkzgeixVYug7ixwZ85TbqXvtyoudCIlSP1v.', PARSEDATETIME('20-12-2010 12:00', 'dd-MM-yyyy hh:mm'), TRUE, 15, 'en');
INSERT INTO INTERNAL.EMPLOYEES (ID, BIRTHDAY, EMAIL, FIRST_NAME, LAST_NAME, PASSWORD, EMPLOYED, IS_ENABLED, POSITION_ID,
								LANGUAGE_TAG)
VALUES (26, DATE '1983-07-25', 'kukushkin@workshop.pro', 'Leonid', 'Kukushkind',
		'$2a$10$5pGjiQHPqtinyM0PaIwjx' || '.NdNfK6vbBlzIk.6sLW9Z3UEmbj5Rz12', PARSEDATETIME('20-12-2010 12:00', 'dd-MM-yyyy hh:mm'), TRUE, 16, 'ru');
INSERT INTO INTERNAL.EMPLOYEES (ID, BIRTHDAY, EMAIL, FIRST_NAME, LAST_NAME, PASSWORD, EMPLOYED, IS_ENABLED, POSITION_ID,
								LANGUAGE_TAG)
VALUES (27, DATE '1979-08-20', 'puzdoy@workshop.pro', 'Semion', 'Puzdoy',
		'$2a$10$9wFRh0Sr4bu2JmWWX/3pjetFJOPmJf4kj2EyU65IxJUiN8TDqILH.', PARSEDATETIME('20-12-2010 12:00', 'dd-MM-yyyy hh:mm'), TRUE, 17, 'ru');

INSERT INTO INTERNAL.POSITIONS_TO_INTERNAL_AUTHORITIES (POSITION_ID, INTERNAL_AUTHORITY_ID)
VALUES (11, 103);
INSERT INTO INTERNAL.POSITIONS_TO_INTERNAL_AUTHORITIES (POSITION_ID, INTERNAL_AUTHORITY_ID)
VALUES (11, 110);
INSERT INTO INTERNAL.POSITIONS_TO_INTERNAL_AUTHORITIES (POSITION_ID, INTERNAL_AUTHORITY_ID)
VALUES (12, 107);
INSERT INTO INTERNAL.POSITIONS_TO_INTERNAL_AUTHORITIES (POSITION_ID, INTERNAL_AUTHORITY_ID)
VALUES (12, 108);
INSERT INTO INTERNAL.POSITIONS_TO_INTERNAL_AUTHORITIES (POSITION_ID, INTERNAL_AUTHORITY_ID)
VALUES (12, 109);
INSERT INTO INTERNAL.POSITIONS_TO_INTERNAL_AUTHORITIES (POSITION_ID, INTERNAL_AUTHORITY_ID)
VALUES (12, 101);
INSERT INTO INTERNAL.POSITIONS_TO_INTERNAL_AUTHORITIES (POSITION_ID, INTERNAL_AUTHORITY_ID)
VALUES (12, 102);
INSERT INTO INTERNAL.POSITIONS_TO_INTERNAL_AUTHORITIES (POSITION_ID, INTERNAL_AUTHORITY_ID)
VALUES (12, 110);
INSERT INTO INTERNAL.POSITIONS_TO_INTERNAL_AUTHORITIES (POSITION_ID, INTERNAL_AUTHORITY_ID)
VALUES (13, 107);
INSERT INTO INTERNAL.POSITIONS_TO_INTERNAL_AUTHORITIES (POSITION_ID, INTERNAL_AUTHORITY_ID)
VALUES (13, 108);
INSERT INTO INTERNAL.POSITIONS_TO_INTERNAL_AUTHORITIES (POSITION_ID, INTERNAL_AUTHORITY_ID)
VALUES (13, 101);
INSERT INTO INTERNAL.POSITIONS_TO_INTERNAL_AUTHORITIES (POSITION_ID, INTERNAL_AUTHORITY_ID)
VALUES (13, 104);
INSERT INTO INTERNAL.POSITIONS_TO_INTERNAL_AUTHORITIES (POSITION_ID, INTERNAL_AUTHORITY_ID)
VALUES (13, 110);
INSERT INTO INTERNAL.POSITIONS_TO_INTERNAL_AUTHORITIES (POSITION_ID, INTERNAL_AUTHORITY_ID)
VALUES (14, 104);
INSERT INTO INTERNAL.POSITIONS_TO_INTERNAL_AUTHORITIES (POSITION_ID, INTERNAL_AUTHORITY_ID)
VALUES (14, 105);
INSERT INTO INTERNAL.POSITIONS_TO_INTERNAL_AUTHORITIES (POSITION_ID, INTERNAL_AUTHORITY_ID)
VALUES (14, 106);
INSERT INTO INTERNAL.POSITIONS_TO_INTERNAL_AUTHORITIES (POSITION_ID, INTERNAL_AUTHORITY_ID)
VALUES (14, 107);
INSERT INTO INTERNAL.POSITIONS_TO_INTERNAL_AUTHORITIES (POSITION_ID, INTERNAL_AUTHORITY_ID)
VALUES (14, 101);
INSERT INTO INTERNAL.POSITIONS_TO_INTERNAL_AUTHORITIES (POSITION_ID, INTERNAL_AUTHORITY_ID)
VALUES (14, 110);
INSERT INTO INTERNAL.POSITIONS_TO_INTERNAL_AUTHORITIES (POSITION_ID, INTERNAL_AUTHORITY_ID)
VALUES (15, 104);
INSERT INTO INTERNAL.POSITIONS_TO_INTERNAL_AUTHORITIES (POSITION_ID, INTERNAL_AUTHORITY_ID)
VALUES (15, 105);
INSERT INTO INTERNAL.POSITIONS_TO_INTERNAL_AUTHORITIES (POSITION_ID, INTERNAL_AUTHORITY_ID)
VALUES (15, 110);
INSERT INTO INTERNAL.POSITIONS_TO_INTERNAL_AUTHORITIES (POSITION_ID, INTERNAL_AUTHORITY_ID)
VALUES (16, 104);
INSERT INTO INTERNAL.POSITIONS_TO_INTERNAL_AUTHORITIES (POSITION_ID, INTERNAL_AUTHORITY_ID)
VALUES (16, 105);
INSERT INTO INTERNAL.POSITIONS_TO_INTERNAL_AUTHORITIES (POSITION_ID, INTERNAL_AUTHORITY_ID)
VALUES (16, 110);
INSERT INTO INTERNAL.POSITIONS_TO_INTERNAL_AUTHORITIES (POSITION_ID, INTERNAL_AUTHORITY_ID)
VALUES (17, 104);
INSERT INTO INTERNAL.POSITIONS_TO_INTERNAL_AUTHORITIES (POSITION_ID, INTERNAL_AUTHORITY_ID)
VALUES (17, 110);

INSERT INTO INTERNAL.CLASSIFIERS_GROUPS (ID, NAME, DESCRIPTION, CREATED, CREATED_BY)
VALUES (250, 'Вилка', 'Переборка, ТО, смена масел, покраска и т.п.', PARSEDATETIME('20-10-2010 12:00', 'dd-MM-yyyy hh:mm'), 21);
INSERT INTO INTERNAL.CLASSIFIERS_GROUPS (ID, NAME, DESCRIPTION, CREATED, CREATED_BY)
VALUES (251, 'Амортизатор', 'Ремонт, ТО, тюнинг.', PARSEDATETIME('20-10-2010 12:00', 'dd-MM-yyyy hh:mm'), 22);
INSERT INTO INTERNAL.CLASSIFIERS_GROUPS (ID, NAME, DESCRIPTION, CREATED, CREATED_BY)
VALUES (252, 'Рама', 'Сварка, ремонт, покраска и т.п.', PARSEDATETIME('20-10-2010 12:00', 'dd-MM-yyyy hh:mm'), 21);
INSERT INTO INTERNAL.CLASSIFIERS_GROUPS (ID, NAME, DESCRIPTION, CREATED, CREATED_BY)
VALUES (253, 'Привод', 'Цепь, кассета, манетки, переключатель.', PARSEDATETIME('20-10-2010 12:00', 'dd-MM-yyyy hh:mm'), 24);
INSERT INTO INTERNAL.CLASSIFIERS_GROUPS (ID, NAME, DESCRIPTION, CREATED, CREATED_BY)
VALUES (254, 'Колёса', 'Сборка, протяжка спиц, смена покрышек, удаление проколов.', PARSEDATETIME('20-10-2010 12:00', 'dd-MM-yyyy hh:mm'), 24);
INSERT INTO INTERNAL.CLASSIFIERS_GROUPS (ID, NAME, DESCRIPTION, CREATED, CREATED_BY)
VALUES (255, 'Общее обслуживание', 'Диагностика, осмотр, настройка и т.п.', PARSEDATETIME('20-10-2010 12:00', 'dd-MM-yyyy hh:mm'), 21);

INSERT INTO INTERNAL.CLASSIFIERS (ID, NAME, DESCRIPTION, PRICE, CREATED, IS_OFFICIAL, CREATED_BY, CLASSIFIERS_GROUP_ID)
VALUES (280, 'Замена масла в демпфере', NULL, 1500.00, PARSEDATETIME('20-10-2010 12:00', 'dd-MM-yyyy hh:mm'), TRUE, 24, 250);
INSERT INTO INTERNAL.CLASSIFIERS (ID, NAME, DESCRIPTION, PRICE, CREATED, IS_OFFICIAL, CREATED_BY, CLASSIFIERS_GROUP_ID)
VALUES (281, 'Переборка воздушной камеры', 'Замена смазки, резинок', 1200.00, PARSEDATETIME('20-10-2010 12:00', 'dd-MM-yyyy hh:mm'), TRUE, 24, 250);
INSERT INTO INTERNAL.CLASSIFIERS (ID, NAME, DESCRIPTION, PRICE, CREATED, IS_OFFICIAL, CREATED_BY, CLASSIFIERS_GROUP_ID)
VALUES (282, 'Общее ТО', 'Разбор, замена необходимы резинок, смена масел и т.п.', 2500.00, PARSEDATETIME('20-10-2010 12:00', 'dd-MM-yyyy hh:mm'), TRUE,
		25, 250);
INSERT INTO INTERNAL.CLASSIFIERS (ID, NAME, DESCRIPTION, PRICE, CREATED, IS_OFFICIAL, CREATED_BY, CLASSIFIERS_GROUP_ID)
VALUES (283, 'Замена масла в демпфере отскока', NULL, 2000.00, PARSEDATETIME('20-10-2010 12:00', 'dd-MM-yyyy hh:mm'), TRUE, 25, 251);
INSERT INTO INTERNAL.CLASSIFIERS (ID, NAME, DESCRIPTION, PRICE, CREATED, IS_OFFICIAL, CREATED_BY, CLASSIFIERS_GROUP_ID)
VALUES (284, 'Переборка воздушной камеры амортизатора', 'Замена смазки, резинок', 2800.00, PARSEDATETIME('20-10-2010 12:00', 'dd-MM-yyyy hh:mm'), TRUE,
		24, 251);
INSERT INTO INTERNAL.CLASSIFIERS (ID, NAME, DESCRIPTION, PRICE, CREATED, IS_OFFICIAL, CREATED_BY, CLASSIFIERS_GROUP_ID)
VALUES (285, 'Общее ТО амортизатора', 'Разбор, замена необходимы резинок, смена масел и т.п.', 2900.00,
		PARSEDATETIME('20-10-2010 12:00', 'dd-MM-yyyy hh:mm'), TRUE, 26, 251);
INSERT INTO INTERNAL.CLASSIFIERS (ID, NAME, DESCRIPTION, PRICE, CREATED, IS_OFFICIAL, CREATED_BY, CLASSIFIERS_GROUP_ID)
VALUES (286, 'Точечная сварка', 'Алюминивые рамы', 4000.00, PARSEDATETIME('20-10-2010 12:00', 'dd-MM-yyyy hh:mm'), TRUE, 25, 252);
INSERT INTO INTERNAL.CLASSIFIERS (ID, NAME, DESCRIPTION, PRICE, CREATED, IS_OFFICIAL, CREATED_BY, CLASSIFIERS_GROUP_ID)
VALUES (287, 'Ремонт трещин', 'Карбоновые рамы', 4350.00, PARSEDATETIME('20-10-2010 12:00', 'dd-MM-yyyy hh:mm'), TRUE, 24, 252);
INSERT INTO INTERNAL.CLASSIFIERS (ID, NAME, DESCRIPTION, PRICE, CREATED, IS_OFFICIAL, CREATED_BY, CLASSIFIERS_GROUP_ID)
VALUES (288, 'Покраска', 'Всей рамы', 5340.00, PARSEDATETIME('20-10-2010 12:00', 'dd-MM-yyyy hh:mm'), TRUE, 25, 252);
INSERT INTO INTERNAL.CLASSIFIERS (ID, NAME, DESCRIPTION, PRICE, CREATED, IS_OFFICIAL, CREATED_BY, CLASSIFIERS_GROUP_ID)
VALUES (289, 'Настройка переключения', NULL, 300.00, PARSEDATETIME('20-10-2010 12:00', 'dd-MM-yyyy hh:mm'), TRUE, 25, 253);
INSERT INTO INTERNAL.CLASSIFIERS (ID, NAME, DESCRIPTION, PRICE, CREATED, IS_OFFICIAL, CREATED_BY, CLASSIFIERS_GROUP_ID)
VALUES (290, 'Восстановление разорванной цепи', NULL, 200.00, PARSEDATETIME('20-10-2010 12:00', 'dd-MM-yyyy hh:mm'), TRUE, 24, 253);
INSERT INTO INTERNAL.CLASSIFIERS (ID, NAME, DESCRIPTION, PRICE, CREATED, IS_OFFICIAL, CREATED_BY, CLASSIFIERS_GROUP_ID)
VALUES (291, 'Замена кассеты', 'Кассета заказчика', 250.00, PARSEDATETIME('20-10-2010 12:00', 'dd-MM-yyyy hh:mm'), TRUE, 25, 253);
INSERT INTO INTERNAL.CLASSIFIERS (ID, NAME, DESCRIPTION, PRICE, CREATED, IS_OFFICIAL, CREATED_BY, CLASSIFIERS_GROUP_ID)
VALUES (292, 'Сборка колеса', 'Из деталей заказчика', 1000.00, PARSEDATETIME('20-10-2010 12:00', 'dd-MM-yyyy hh:mm'), TRUE, 25, 254);
INSERT INTO INTERNAL.CLASSIFIERS (ID, NAME, DESCRIPTION, PRICE, CREATED, IS_OFFICIAL, CREATED_BY, CLASSIFIERS_GROUP_ID)
VALUES (293, 'Протяжка спиц', NULL, 500.00, PARSEDATETIME('20-10-2010 12:00', 'dd-MM-yyyy hh:mm'), TRUE, 24, 254);
INSERT INTO INTERNAL.CLASSIFIERS (ID, NAME, DESCRIPTION, PRICE, CREATED, IS_OFFICIAL, CREATED_BY, CLASSIFIERS_GROUP_ID)
VALUES (294, 'Замена покрышек', NULL, 450.00, PARSEDATETIME('20-10-2010 12:00', 'dd-MM-yyyy hh:mm'), TRUE, 25, 254);
INSERT INTO INTERNAL.CLASSIFIERS (ID, NAME, DESCRIPTION, PRICE, CREATED, IS_OFFICIAL, CREATED_BY, CLASSIFIERS_GROUP_ID)
VALUES (295, 'Общая смазка привода', NULL, 400.00, PARSEDATETIME('20-10-2010 12:00', 'dd-MM-yyyy hh:mm'), TRUE, 25, 255);
INSERT INTO INTERNAL.CLASSIFIERS (ID, NAME, DESCRIPTION, PRICE, CREATED, IS_OFFICIAL, CREATED_BY, CLASSIFIERS_GROUP_ID)
VALUES (296, 'Диагностика неисправностей', NULL, 0.00, PARSEDATETIME('20-10-2010 12:00', 'dd-MM-yyyy hh:mm'), TRUE, 24, 255);
INSERT INTO INTERNAL.CLASSIFIERS (ID, NAME, DESCRIPTION, PRICE, CREATED, IS_OFFICIAL, CREATED_BY, CLASSIFIERS_GROUP_ID)
VALUES (297, 'Замена педалей', 'Педали заказчика', 350.00, PARSEDATETIME('20-10-2010 12:00', 'dd-MM-yyyy hh:mm'), TRUE, 25, 255);

INSERT INTO INTERNAL.PHONES (ID, NAME, PHONE, EMPLOYEE_ID, CREATED)
VALUES (31, 'Mobile', '1-234-56-35', 21, PARSEDATETIME('20-10-2010 12:00', 'dd-MM-yyyy hh:mm'));
INSERT INTO INTERNAL.PHONES (ID, NAME, PHONE, EMPLOYEE_ID, CREATED)
VALUES (32, 'Mobile', '1-863-45-23', 22, PARSEDATETIME('20-10-2010 12:00', 'dd-MM-yyyy hh:mm'));
INSERT INTO INTERNAL.PHONES (ID, NAME, PHONE, EMPLOYEE_ID, CREATED)
VALUES (33, 'Mobile', '1-843-42-58', 22, PARSEDATETIME('20-10-2010 12:00', 'dd-MM-yyyy hh:mm'));
INSERT INTO INTERNAL.PHONES (ID, NAME, PHONE, EMPLOYEE_ID, CREATED)
VALUES (34, 'Mobile', '1-356-35-38', 23, PARSEDATETIME('20-10-2010 12:00', 'dd-MM-yyyy hh:mm'));
INSERT INTO INTERNAL.PHONES (ID, NAME, PHONE, EMPLOYEE_ID, CREATED)
VALUES (35, 'Mobile', '1-864-34-34', 24, PARSEDATETIME('20-10-2010 12:00', 'dd-MM-yyyy hh:mm'));
INSERT INTO INTERNAL.PHONES (ID, NAME, PHONE, EMPLOYEE_ID, CREATED)
VALUES (36, 'Mobile', '1-883-25-53', 24, PARSEDATETIME('20-10-2010 12:00', 'dd-MM-yyyy hh:mm'));
INSERT INTO INTERNAL.PHONES (ID, NAME, PHONE, EMPLOYEE_ID, CREATED)
VALUES (37, 'Mobile', '1-267-46-53', 25, PARSEDATETIME('20-10-2010 12:00', 'dd-MM-yyyy hh:mm'));
INSERT INTO INTERNAL.PHONES (ID, NAME, PHONE, EMPLOYEE_ID, CREATED)
VALUES (38, 'Mobile', '1-927-93-82', 25, PARSEDATETIME('20-10-2010 12:00', 'dd-MM-yyyy hh:mm'));
INSERT INTO INTERNAL.PHONES (ID, NAME, PHONE, EMPLOYEE_ID, CREATED)
VALUES (39, 'Mobile', '1-294-72-99', 26, PARSEDATETIME('20-10-2010 12:00', 'dd-MM-yyyy hh:mm'));
INSERT INTO INTERNAL.PHONES (ID, NAME, PHONE, EMPLOYEE_ID, CREATED)
VALUES (40, 'Mobile', '1-924-77-42', 27, PARSEDATETIME('20-10-2010 12:00', 'dd-MM-yyyy hh:mm'));
INSERT INTO INTERNAL.PHONES (ID, NAME, PHONE, EMPLOYEE_ID, CREATED)
VALUES (41, 'Mobile', '1-864-72-62', 27, PARSEDATETIME('20-10-2010 12:00', 'dd-MM-yyyy hh:mm'));

--

INSERT INTO EXTERNAL.EXTERNAL_AUTHORITIES (ID, CREATED, NAME, DESCRIPTION)
VALUES (120, PARSEDATETIME('20-10-2010 12:00', 'dd-MM-yyyy hh:mm'), 'READ-PROFILE', 'Self profile reading');

INSERT INTO EXTERNAL.EXTERNAL_AUTHORITIES (ID, CREATED, NAME, DESCRIPTION)
VALUES (121, PARSEDATETIME('20-10-2010 12:00', 'dd-MM-yyyy hh:mm'), 'WRITE-PROFILE', 'Self profile writing');

INSERT INTO EXTERNAL.EXTERNAL_AUTHORITIES (ID, CREATED, NAME, DESCRIPTION)
VALUES (122, PARSEDATETIME('20-10-2010 12:00', 'dd-MM-yyyy hh:mm'), 'READ-ORDER', 'Order and Task reading.');

INSERT INTO EXTERNAL.EXTERNAL_AUTHORITIES (ID, CREATED, NAME, DESCRIPTION)
VALUES (123, PARSEDATETIME('20-10-2010 12:00', 'dd-MM-yyyy hh:mm'), 'WRITE-ORDER', 'Order and Task creation.');

--

INSERT INTO EXTERNAL.USERS (ID, BIRTHDAY, CREATED, EMAIL, FIRST_NAME, LAST_NAME, PASSWORD, LANGUAGE_TAG, ENABLED)
VALUES (91, PARSEDATETIME('17-09-1978', 'dd-MM-yyyy'), PARSEDATETIME('17-09-2018 15:25', 'dd-MM-yyyy hh:mm'),
        'sebastian-pidorin@mail.pro', 'Себастьян', 'Пидорин',
		'$2a$10$xT0XO4QAEwkdBQpExuYOXOq0uzSkxBvFiwPKXapsziUoGFQW0B4xS', 'ru', TRUE);
INSERT INTO EXTERNAL.USERS (ID, BIRTHDAY, CREATED, EMAIL, FIRST_NAME, LAST_NAME, PASSWORD, LANGUAGE_TAG, ENABLED)
VALUES (92, PARSEDATETIME('17-09-1970', 'dd-MM-yyyy'), PARSEDATETIME('17-09-2018 15:25', 'dd-MM-yyyy hh:mm'), 'vasya@meail.pro', 'Василий', 'Премудрый',
		'$2a$10$xT0XO4QAEwkdBQpExuYOXOq0uzSkxBvFiwPKXapsziUoGFQW0B4xS', 'en', TRUE);
INSERT INTO EXTERNAL.USERS (ID, BIRTHDAY, CREATED, EMAIL, FIRST_NAME, LAST_NAME, PASSWORD, LANGUAGE_TAG, ENABLED)
VALUES (93, PARSEDATETIME('17-09-1960', 'dd-MM-yyyy'), PARSEDATETIME('17-09-2018 15:25', 'dd-MM-yyyy hh:mm'), 'john@mailto.com', 'John', 'Smith',
		'$2a$10$xT0XO4QAEwkdBQpExuYOXOq0uzSkxBvFiwPKXapsziUoGFQW0B4xS', 'en', TRUE);
INSERT INTO EXTERNAL.USERS (ID, BIRTHDAY, CREATED, EMAIL, FIRST_NAME, LAST_NAME, PASSWORD, LANGUAGE_TAG, ENABLED)
VALUES (94, PARSEDATETIME('17-09-1965', 'dd-MM-yyyy'), PARSEDATETIME('17-09-2018 15:25', 'dd-MM-yyyy hh:mm'), 'loui@mail.eu', 'Louis', '',
		'$2a$10$xT0XO4QAEwkdBQpExuYOXOq0uzSkxBvFiwPKXapsziUoGFQW0B4xS', 'en', TRUE);
INSERT INTO EXTERNAL.USERS (ID, BIRTHDAY, CREATED, EMAIL, FIRST_NAME, LAST_NAME, PASSWORD, LANGUAGE_TAG, ENABLED)
VALUES (95, PARSEDATETIME('17-09-1975', 'dd-MM-yyyy'), PARSEDATETIME('17-09-2018 15:25', 'dd-MM-yyyy hh:mm'), 'petrovich@mailing.org', '', 'Петрович',
		'$2a$10$xT0XO4QAEwkdBQpExuYOXOq0uzSkxBvFiwPKXapsziUoGFQW0B4xS', 'ru', TRUE);
INSERT INTO EXTERNAL.USERS (ID, BIRTHDAY, CREATED, EMAIL, FIRST_NAME, LAST_NAME, PASSWORD, LANGUAGE_TAG, ENABLED)
VALUES (96, PARSEDATETIME('17-09-1980', 'dd-MM-yyyy'), PARSEDATETIME('17-09-2018 15:25', 'dd-MM-yyyy hh:mm'), 'zdorovie@mail.prod', 'Татьяна', 'Малышева',
		'$2a$10$xT0XO4QAEwkdBQpExuYOXOq0uzSkxBvFiwPKXapsziUoGFQW0B4xS', 'ru', TRUE);
INSERT INTO EXTERNAL.USERS (ID, BIRTHDAY, CREATED, EMAIL, FIRST_NAME, LAST_NAME, PASSWORD, LANGUAGE_TAG, ENABLED)
VALUES (97, PARSEDATETIME('17-09-1985', 'dd-MM-yyyy'), PARSEDATETIME('17-09-2018 15:25', 'dd-MM-yyyy hh:mm'), 'rapas@email.lv', 'Noumie', 'Rapas',
		'$2a$10$xT0XO4QAEwkdBQpExuYOXOq0uzSkxBvFiwPKXapsziUoGFQW0B4xS', 'en', TRUE);
INSERT INTO EXTERNAL.USERS (ID, BIRTHDAY, CREATED, EMAIL, FIRST_NAME, LAST_NAME, PASSWORD, LANGUAGE_TAG, ENABLED)
VALUES (98, PARSEDATETIME('17-09-1990', 'dd-MM-yyyy'), PARSEDATETIME('17-09-2018 15:25', 'dd-MM-yyyy hh:mm'), 'putin@emailvor.net', 'Владислава', 'Путислава',
		'$2a$10$xT0XO4QAEwkdBQpExuYOXOq0uzSkxBvFiwPKXapsziUoGFQW0B4xS', 'ru', TRUE);
INSERT INTO EXTERNAL.USERS (ID, BIRTHDAY, CREATED, EMAIL, FIRST_NAME, LAST_NAME, PASSWORD, LANGUAGE_TAG, ENABLED)
VALUES (99, PARSEDATETIME('17-09-1995', 'dd-MM-yyyy'), PARSEDATETIME('17-09-2018 15:25', 'dd-MM-yyyy hh:mm'), 'dobrynya@pro.mail', 'Добрыня', 'Никитич',
		'$2a$10$xT0XO4QAEwkdBQpExuYOXOq0uzSkxBvFiwPKXapsziUoGFQW0B4xS', 'ru', TRUE);

--

INSERT INTO INTERNAL.PHONES (ID, CREATED, NAME, PHONE, USER_ID)
VALUES (45, PARSEDATETIME('20-10-2010 12:00', 'dd-MM-yyyy hh:mm'), 'Мобильный', '+7-956-556-55-25', 91);
INSERT INTO INTERNAL.PHONES (ID, CREATED, NAME, PHONE, USER_ID)
VALUES (46, PARSEDATETIME('20-10-2010 12:00', 'dd-MM-yyyy hh:mm'), 'Рабочий', '+7-(956)-5562233', 91);
INSERT INTO INTERNAL.PHONES (ID, CREATED, NAME, PHONE, USER_ID)
VALUES (47, PARSEDATETIME('20-10-2010 12:00', 'dd-MM-yyyy hh:mm'), 'Мобильный', '8569875056', 92);
INSERT INTO INTERNAL.PHONES (ID, CREATED, NAME, PHONE, USER_ID)
VALUES (48, PARSEDATETIME('20-10-2010 12:00', 'dd-MM-yyyy hh:mm'), 'Мобильный', '8-(650)-546-5459', 93);
INSERT INTO INTERNAL.PHONES (ID, CREATED, NAME, PHONE, USER_ID)
VALUES (49, PARSEDATETIME('20-10-2010 12:00', 'dd-MM-yyyy hh:mm'), 'Второй', '+7-546254-8565', 93);
INSERT INTO INTERNAL.PHONES (ID, CREATED, NAME, PHONE, USER_ID)
VALUES (50, PARSEDATETIME('20-10-2010 12:00', 'dd-MM-yyyy hh:mm'), 'Мобильный', '+7-956-784-55-33', 94);
INSERT INTO INTERNAL.PHONES (ID, CREATED, NAME, PHONE, USER_ID)
VALUES (51, PARSEDATETIME('20-10-2010 12:00', 'dd-MM-yyyy hh:mm'), 'Mobile', '8(555)784 55 33', 94);
INSERT INTO INTERNAL.PHONES (ID, CREATED, NAME, PHONE, USER_ID)
VALUES (52, PARSEDATETIME('20-10-2010 12:00', 'dd-MM-yyyy hh:mm'), 'Мобильный', '+7-556-5486214', 95);
INSERT INTO INTERNAL.PHONES (ID, CREATED, NAME, PHONE, USER_ID)
VALUES (53, PARSEDATETIME('20-10-2010 12:00', 'dd-MM-yyyy hh:mm'), 'Mobile', '856-526-88-88', 96);
INSERT INTO INTERNAL.PHONES (ID, CREATED, NAME, PHONE, USER_ID)
VALUES (54, PARSEDATETIME('20-10-2010 12:00', 'dd-MM-yyyy hh:mm'), 'Home', '(852)546-54-85', 97);
INSERT INTO INTERNAL.PHONES (ID, CREATED, NAME, PHONE, USER_ID)
VALUES (55, PARSEDATETIME('20-10-2010 12:00', 'dd-MM-yyyy hh:mm'), 'Мобильный', '+8-955-888-55-55', 97);
INSERT INTO INTERNAL.PHONES (ID, CREATED, NAME, PHONE, USER_ID)
VALUES (56, PARSEDATETIME('20-10-2010 12:00', 'dd-MM-yyyy hh:mm'), 'Рабочий', '+7-956-714-55-33', 98);
INSERT INTO INTERNAL.PHONES (ID, CREATED, NAME, PHONE, USER_ID)
VALUES (57, PARSEDATETIME('20-10-2010 12:00', 'dd-MM-yyyy hh:mm'), 'Мобильный', '+7-956-774-88-33', 99);

-- USERS TO EXTERNAL_AUTHORITIES

INSERT INTO EXTERNAL.USERS_TO_EXTERNAL_AUTHORITIES (USER_ID, EXTERNAL_AUTHORITY_ID)
VALUES (91, 120);
INSERT INTO EXTERNAL.USERS_TO_EXTERNAL_AUTHORITIES (USER_ID, EXTERNAL_AUTHORITY_ID)
VALUES (91, 121);
INSERT INTO EXTERNAL.USERS_TO_EXTERNAL_AUTHORITIES (USER_ID, EXTERNAL_AUTHORITY_ID)
VALUES (91, 122);
INSERT INTO EXTERNAL.USERS_TO_EXTERNAL_AUTHORITIES (USER_ID, EXTERNAL_AUTHORITY_ID)
VALUES (91, 123);
INSERT INTO EXTERNAL.USERS_TO_EXTERNAL_AUTHORITIES (USER_ID, EXTERNAL_AUTHORITY_ID)
VALUES (92, 120);
INSERT INTO EXTERNAL.USERS_TO_EXTERNAL_AUTHORITIES (USER_ID, EXTERNAL_AUTHORITY_ID)
VALUES (92, 121);
INSERT INTO EXTERNAL.USERS_TO_EXTERNAL_AUTHORITIES (USER_ID, EXTERNAL_AUTHORITY_ID)
VALUES (92, 122);
INSERT INTO EXTERNAL.USERS_TO_EXTERNAL_AUTHORITIES (USER_ID, EXTERNAL_AUTHORITY_ID)
VALUES (92, 123);
INSERT INTO EXTERNAL.USERS_TO_EXTERNAL_AUTHORITIES (USER_ID, EXTERNAL_AUTHORITY_ID)
VALUES (93, 120);
INSERT INTO EXTERNAL.USERS_TO_EXTERNAL_AUTHORITIES (USER_ID, EXTERNAL_AUTHORITY_ID)
VALUES (93, 122);
INSERT INTO EXTERNAL.USERS_TO_EXTERNAL_AUTHORITIES (USER_ID, EXTERNAL_AUTHORITY_ID)
VALUES (93, 123);
INSERT INTO EXTERNAL.USERS_TO_EXTERNAL_AUTHORITIES (USER_ID, EXTERNAL_AUTHORITY_ID)
VALUES (94, 120);
INSERT INTO EXTERNAL.USERS_TO_EXTERNAL_AUTHORITIES (USER_ID, EXTERNAL_AUTHORITY_ID)
VALUES (94, 121);
INSERT INTO EXTERNAL.USERS_TO_EXTERNAL_AUTHORITIES (USER_ID, EXTERNAL_AUTHORITY_ID)
VALUES (94, 122);
INSERT INTO EXTERNAL.USERS_TO_EXTERNAL_AUTHORITIES (USER_ID, EXTERNAL_AUTHORITY_ID)
VALUES (94, 123);
INSERT INTO EXTERNAL.USERS_TO_EXTERNAL_AUTHORITIES (USER_ID, EXTERNAL_AUTHORITY_ID)
VALUES (95, 120);
INSERT INTO EXTERNAL.USERS_TO_EXTERNAL_AUTHORITIES (USER_ID, EXTERNAL_AUTHORITY_ID)
VALUES (95, 121);
INSERT INTO EXTERNAL.USERS_TO_EXTERNAL_AUTHORITIES (USER_ID, EXTERNAL_AUTHORITY_ID)
VALUES (95, 122);
INSERT INTO EXTERNAL.USERS_TO_EXTERNAL_AUTHORITIES (USER_ID, EXTERNAL_AUTHORITY_ID)
VALUES (96, 120);
INSERT INTO EXTERNAL.USERS_TO_EXTERNAL_AUTHORITIES (USER_ID, EXTERNAL_AUTHORITY_ID)
VALUES (96, 121);
INSERT INTO EXTERNAL.USERS_TO_EXTERNAL_AUTHORITIES (USER_ID, EXTERNAL_AUTHORITY_ID)
VALUES (96, 122);
INSERT INTO EXTERNAL.USERS_TO_EXTERNAL_AUTHORITIES (USER_ID, EXTERNAL_AUTHORITY_ID)
VALUES (96, 123);
INSERT INTO EXTERNAL.USERS_TO_EXTERNAL_AUTHORITIES (USER_ID, EXTERNAL_AUTHORITY_ID)
VALUES (97, 120);
INSERT INTO EXTERNAL.USERS_TO_EXTERNAL_AUTHORITIES (USER_ID, EXTERNAL_AUTHORITY_ID)
VALUES (97, 121);
INSERT INTO EXTERNAL.USERS_TO_EXTERNAL_AUTHORITIES (USER_ID, EXTERNAL_AUTHORITY_ID)
VALUES (97, 122);
INSERT INTO EXTERNAL.USERS_TO_EXTERNAL_AUTHORITIES (USER_ID, EXTERNAL_AUTHORITY_ID)
VALUES (97, 123);
INSERT INTO EXTERNAL.USERS_TO_EXTERNAL_AUTHORITIES (USER_ID, EXTERNAL_AUTHORITY_ID)
VALUES (98, 120);
INSERT INTO EXTERNAL.USERS_TO_EXTERNAL_AUTHORITIES (USER_ID, EXTERNAL_AUTHORITY_ID)
VALUES (98, 122);

-- ORDERS

INSERT INTO INTERNAL.ORDERS (ID, CREATED_BY, MODIFIED_BY, CREATED_FOR_ID, OVERALL_PRICE, DESCRIPTION, CREATED,
							 DEADLINE, FINISHED, MESSAGE_TO_USER)
VALUES (61, 24, 25, 91, 3670.00, 'Ремонт клапана телескопического подседела',
		PARSEDATETIME('17-09-2012 18:47', 'dd-MM-yyyy hh:mm'), PARSEDATETIME('22-09-2012 18:47', 'dd-MM-yyyy hh:mm'),
		PARSEDATETIME('21-09-2012 18:00', 'dd-MM-yyyy hh:mm'), 'Заказ можно забрать в любое время.');
INSERT INTO INTERNAL.ORDERS (ID, CREATED_BY, MODIFIED_BY, CREATED_FOR_ID, OVERALL_PRICE, DESCRIPTION, CREATED,
							 DEADLINE, FINISHED)
VALUES (62, 24, 25, 91, 4690.00, 'Общее ТО с покраской',
		PARSEDATETIME('17-03-2012 18:47', 'dd-MM-yyyy hh:mm'), PARSEDATETIME('22-03-2012 18:47', 'dd-MM-yyyy hh:mm'),
		PARSEDATETIME('21-03-2012 18:00', 'dd-MM-yyyy hh:mm'));
INSERT INTO INTERNAL.ORDERS (ID, CREATED_BY, MODIFIED_BY, CREATED_FOR_ID, OVERALL_PRICE, DESCRIPTION, CREATED,
							 DEADLINE, FINISHED, MESSAGE_TO_USER)
VALUES (63, 24, 25, 91, 2370.00, 'Замена подшипников',
		PARSEDATETIME('17-11-2012 18:47', 'dd-MM-yyyy hh:mm'), PARSEDATETIME('22-11-2012 18:47', 'dd-MM-yyyy hh:mm'),
		PARSEDATETIME('21-11-2012 18:00', 'dd-MM-yyyy hh:mm'), 'При заборе Заказа необходимо доплатить 500 рублей.');

INSERT INTO INTERNAL.ORDERS (ID, CREATED_BY, MODIFIED_BY, CREATED_FOR_ID, OVERALL_PRICE, DESCRIPTION, CREATED, DEADLINE,
							 FINISHED)
VALUES (64, 27, 25, 92, 2450.00, 'Замена цепи и ремонт прокола',
		PARSEDATETIME('27-09-2014 18:47', 'dd-MM-yyyy hh:mm'), PARSEDATETIME('22-09-2014 18:47', 'dd-MM-yyyy hh:mm'),
		PARSEDATETIME('30-09-2014 18:00', 'dd-MM-yyyy hh:mm'));
INSERT INTO INTERNAL.ORDERS (ID, CREATED_BY, MODIFIED_BY, CREATED_FOR_ID, OVERALL_PRICE, DESCRIPTION, CREATED,
							 DEADLINE, FINISHED)
VALUES (65, 25, 25, 92, 2770.00, 'Ремонт заднего переключателя',
		PARSEDATETIME('17-04-2015 18:47', 'dd-MM-yyyy hh:mm'), PARSEDATETIME('22-04-2015 18:47', 'dd-MM-yyyy hh:mm'),
		PARSEDATETIME('21-04-2015 18:00', 'dd-MM-yyyy hh:mm'));

INSERT INTO INTERNAL.ORDERS (ID, CREATED_BY, MODIFIED_BY, CREATED_FOR_ID, OVERALL_PRICE, DESCRIPTION, CREATED,
							 DEADLINE, FINISHED)
VALUES (66, 26, 26, 93, 1070.00, 'Ремонт седла',
		PARSEDATETIME('17-04-2016 18:47', 'dd-MM-yyyy hh:mm'), PARSEDATETIME('22-04-2016 18:47', 'dd-MM-yyyy hh:mm'),
		PARSEDATETIME('21-04-2016 18:00', 'dd-MM-yyyy hh:mm'));
INSERT INTO INTERNAL.ORDERS (ID, CREATED_BY, MODIFIED_BY, CREATED_FOR_ID, OVERALL_PRICE, DESCRIPTION, CREATED,
							 DEADLINE, FINISHED)
VALUES (67, 24, 27, 93, 5000.00, 'Сварка трещины на раме',
		PARSEDATETIME('17-10-2017 18:47', 'dd-MM-yyyy hh:mm'), PARSEDATETIME('22-10-2017 18:47', 'dd-MM-yyyy hh:mm'),
		PARSEDATETIME('21-10-2017 18:00', 'dd-MM-yyyy hh:mm'));

INSERT INTO INTERNAL.ORDERS (ID, CREATED_BY, MODIFIED_BY, CREATED_FOR_ID, OVERALL_PRICE, DESCRIPTION, CREATED,
							 DEADLINE, FINISHED)
VALUES (68, 24, 25, 94, 1470.00, 'Ремонт проколов',
		PARSEDATETIME('17-02-2017 18:47', 'dd-MM-yyyy hh:mm'), PARSEDATETIME('22-02-2017 18:47', 'dd-MM-yyyy hh:mm'),
		PARSEDATETIME('21-02-2017 18:00', 'dd-MM-yyyy hh:mm'));
INSERT INTO INTERNAL.ORDERS (ID, CREATED_BY, MODIFIED_BY, CREATED_FOR_ID, OVERALL_PRICE, DESCRIPTION, CREATED,
							 DEADLINE, FINISHED)

VALUES (69, 25, 24, 95, 7830.00, 'Тюнинг заднего амортизатора',
		PARSEDATETIME('17-08-2018 18:47', 'dd-MM-yyyy hh:mm'), PARSEDATETIME('22-08-2018 18:47', 'dd-MM-yyyy hh:mm'),
		PARSEDATETIME('21-08-2018 18:00', 'dd-MM-yyyy hh:mm'));

INSERT INTO INTERNAL.ORDERS (ID, CREATED_BY, MODIFIED_BY, CREATED_FOR_ID, OVERALL_PRICE, DESCRIPTION, CREATED,
							 DEADLINE, FINISHED)
VALUES (70, 24, 25, 96, 2670.00, 'Смазка втулок (передняя и задняя)',
		PARSEDATETIME('17-07-2018 18:47', 'dd-MM-yyyy hh:mm'), PARSEDATETIME('22-07-2018 18:47', 'dd-MM-yyyy hh:mm'),
		PARSEDATETIME('21-07-2018 18:00', 'dd-MM-yyyy hh:mm'));
INSERT INTO INTERNAL.ORDERS (ID, CREATED_BY, MODIFIED_BY, CREATED_FOR_ID, OVERALL_PRICE, DESCRIPTION, CREATED,
							 DEADLINE, FINISHED)
VALUES (71, 24, 25, 97, 15670.00, 'Ремонт воздушной вилки',
		PARSEDATETIME('17-07-2017 18:47', 'dd-MM-yyyy hh:mm'), PARSEDATETIME('22-07-2017 18:47', 'dd-MM-yyyy hh:mm'),
		PARSEDATETIME('21-07-2017 18:00', 'dd-MM-yyyy hh:mm'));
INSERT INTO INTERNAL.ORDERS (ID, CREATED_BY, MODIFIED_BY, CREATED_FOR_ID, OVERALL_PRICE, DESCRIPTION, CREATED,
							 DEADLINE, FINISHED)
VALUES (72, 24, 25, 98, 10670.00, 'Ремонт амортизатора',
		PARSEDATETIME('17-05-2017 18:47', 'dd-MM-yyyy hh:mm'), PARSEDATETIME('22-05-2017 18:47', 'dd-MM-yyyy hh:mm'),
		PARSEDATETIME('21-05-2017 18:00', 'dd-MM-yyyy hh:mm'));
INSERT INTO INTERNAL.ORDERS (ID, CREATED_BY, MODIFIED_BY, CREATED_FOR_ID, OVERALL_PRICE, DESCRIPTION, CREATED,
							 DEADLINE, FINISHED)
VALUES (73, 24, 25, 99, 1670.00, 'Сборка переднего колеса',
		PARSEDATETIME('17-04-2019 18:47', 'dd-MM-yyyy hh:mm'), PARSEDATETIME('22-04-2019 18:47', 'dd-MM-yyyy hh:mm'),
		PARSEDATETIME('21-04-2019 18:00', 'dd-MM-yyyy hh:mm'));

-- TASKS

INSERT INTO INTERNAL.TASKS (ID, CREATED_BY, MODIFIED_BY, APPOINTED_TO, ORDER_ID, PRICE, NAME, CREATED, FINISHED,
                            DEADLINE)
VALUES (80, 24, 25, 25, 61, 780.00, 'Ремонт клапана', PARSEDATETIME('17-09-2012 18:47', 'dd-MM-yyyy hh:mm'),
        PARSEDATETIME('18-09-2012 18:47', 'dd-MM-yyyy hh:mm'), PARSEDATETIME('22-09-2012 18:47', 'dd-MM-yyyy hh:mm') );

INSERT INTO INTERNAL.TASKS (ID, CREATED_BY, MODIFIED_BY, APPOINTED_TO, ORDER_ID, PRICE, NAME, CREATED, FINISHED,
							DEADLINE)
VALUES (81, 24, 25, 25, 61, 1000.00, 'Полировка штока', PARSEDATETIME('17-09-2012 18:47', 'dd-MM-yyyy hh:mm'),
		PARSEDATETIME('18-09-2012 18:47', 'dd-MM-yyyy hh:mm'), PARSEDATETIME('22-09-2012 18:47', 'dd-MM-yyyy hh:mm') );
INSERT INTO INTERNAL.TASKS (ID, CREATED_BY, MODIFIED_BY, APPOINTED_TO, ORDER_ID, PRICE, NAME, CREATED, FINISHED,
							DEADLINE)
VALUES (82, 24, 25, 25, 62, 880.00, 'ТО привода', PARSEDATETIME('17-03-2012 18:47', 'dd-MM-yyyy hh:mm'),
		PARSEDATETIME('20-03-2012 18:47', 'dd-MM-yyyy hh:mm'), PARSEDATETIME('22-03-2012 18:47', 'dd-MM-yyyy hh:mm') );

INSERT INTO INTERNAL.TASKS (ID, CREATED_BY, MODIFIED_BY, APPOINTED_TO, ORDER_ID, PRICE, NAME, CREATED, FINISHED,
							DEADLINE)
VALUES (83, 24, 25, 25, 62, 1200.00, 'Покраска перьев', PARSEDATETIME('17-03-2012 18:47', 'dd-MM-yyyy hh:mm'),
		PARSEDATETIME('21-03-2012 18:45', 'dd-MM-yyyy hh:mm'), PARSEDATETIME('21-03-2012 18:47', 'dd-MM-yyyy hh:mm') );

-- TASKS TO CLASSIFIERS

INSERT INTO INTERNAL.TASKS_TO_CLASSIFIERS (TASK_ID, CLASSIFIER_ID) VALUES ( 80, 280 );
INSERT INTO INTERNAL.TASKS_TO_CLASSIFIERS (TASK_ID, CLASSIFIER_ID) VALUES ( 81, 280 );
INSERT INTO INTERNAL.TASKS_TO_CLASSIFIERS (TASK_ID, CLASSIFIER_ID) VALUES ( 82, 282 );
INSERT INTO INTERNAL.TASKS_TO_CLASSIFIERS (TASK_ID, CLASSIFIER_ID) VALUES ( 83, 285 );
