-- HIBERNATE SPECIAL IMPORT AFTER ALL THE SCHEMAS HAVE BEEN SET FROM 'schema.sql' AND THE TABLES HAVE BEEN CREATED AUTOMATICALLY
-- SUPPORTS ONLY INLINE STRINGS!
-- TO ALLOW HIBERNATE READ MULTILINES SQL STATEMENTS ADD TO THE SPRING BOOT application.properties:
-- spring.jpa.properties.hibernate.hbm2ddl.import_files_sql_extractor=org.hibernate.tool.hbm2ddl.MultipleLinesSqlCommandExtractor

INSERT INTO INTERNAL.DEPARTMENTS (ID, NAME) VALUES (1, 'SITE MANAGEMENT');
INSERT INTO INTERNAL.DEPARTMENTS (ID, NAME) VALUES (2, 'HR');
INSERT INTO INTERNAL.DEPARTMENTS (ID, NAME) VALUES (3, 'MANAGEMENT');
INSERT INTO INTERNAL.DEPARTMENTS (ID, NAME) VALUES (4, 'TECHNICAL DEPARTMENT');

INSERT INTO INTERNAL.POSITIONS (ID, NAME, DESCRIPTION)
VALUES ( 1, 'Administrator' , 'Администратор сайта с доступом ко всем разделам.');
INSERT INTO INTERNAL.POSITIONS (ID, NAME, DESCRIPTION)
VALUES ( 2, 'Senior personnel manager' , 'Старший работник отдела кадров');
INSERT INTO INTERNAL.POSITIONS (ID, NAME, DESCRIPTION)
VALUES ( 3, 'Personnel manager' , 'Работник отдела кадров');
INSERT INTO INTERNAL.POSITIONS (ID, NAME, DESCRIPTION)
VALUES ( 4, 'Senior manager' , 'Старший менеджер по управлению заказами');
INSERT INTO INTERNAL.POSITIONS (ID, NAME, DESCRIPTION)
VALUES ( 5, 'Manager' , 'Менеджер по управлению заказами');
INSERT INTO INTERNAL.POSITIONS (ID, NAME, DESCRIPTION)
VALUES ( 6, 'Senior technician' , 'Старший техник');
INSERT INTO INTERNAL.POSITIONS (ID, NAME, DESCRIPTION)
VALUES ( 7, 'Technician' , 'Техник');

-- ALL THE PASSWORDS ARE THE SAME AS BCryptPasswordEncoder.encode STRING "12345" FOR THE SIMPLICITY

INSERT INTO INTERNAL.EMPLOYEES (ID, BIRTHDAY, EMAIL, FIRST_NAME, LAST_NAME, PASSWORD, PHONE)
VALUES (1, DATE '1970-02-14', 'admin@workshop.pro', 'Feofan', 'Mudovski',  '$2a$10$3ZP75a6hiK0jjPgIYSqDPeAHy954ynYFDK6OibhJg4Wc4F4JfVOqa', '1-234-56-35');
INSERT INTO INTERNAL.EMPLOYEES (ID, BIRTHDAY, EMAIL, FIRST_NAME, LAST_NAME, PASSWORD, PHONE)
VALUES (2, DATE '1985-11-18', 'neotlozhka@workshop.pro', 'Ambulatoriya', 'Neotlozhnaya',  '$2a$10$IOQse1xvam3Wqm6MC5fc4.IxZNTnNLQXiRR4CRkOQ8ynkJakzHqqu', '1-863-45-23');
INSERT INTO INTERNAL.EMPLOYEES (ID, BIRTHDAY, EMAIL, FIRST_NAME, LAST_NAME, PASSWORD, PHONE)
VALUES (3, DATE '1999-01-05', 'bozhena@workshop.pro', 'Skolota', 'Bozhenova',  '$2a$10$xT0XO4QAEwkdBQpExuYOXOq0uzSkxBvFiwPKXapsziUoGFQW0B4xS', '1-356-35-38');
INSERT INTO INTERNAL.EMPLOYEES (ID, BIRTHDAY, EMAIL, FIRST_NAME, LAST_NAME, PASSWORD, PHONE)
VALUES (4, DATE '1991-10-09', 'petro@workshop.pro', 'Oktavian', 'Petrov',  '$2a$10$zvHjaq7bDWCD.mAm/RPgDOK1F6Mp7RK5OvJPVyZpl96bbForV/LcG', '1-864-34-34');
INSERT INTO INTERNAL.EMPLOYEES (ID, BIRTHDAY, EMAIL, FIRST_NAME, LAST_NAME, PASSWORD, PHONE)
VALUES (5, DATE '1973-03-21', 'sobolev@workshop.pro', 'Kirill', 'Sobolev',  '$2a$10$EgyGzvUTWH.uOqTT6LkzgeixVYug7ixwZ85TbqXvtyoudCIlSP1v.', '1-927-93-82');
INSERT INTO INTERNAL.EMPLOYEES (ID, BIRTHDAY, EMAIL, FIRST_NAME, LAST_NAME, PASSWORD, PHONE)
VALUES (6, DATE	'1983-07-25', 'kukushkin@workshop.pro', 'Leonid', 'Kukishkind',  '$2a$10$5pGjiQHPqtinyM0PaIwjx.NdNfK6vbBlzIk.6sLW9Z3UEmbj5Rz12', '1-294-72-99');
INSERT INTO INTERNAL.EMPLOYEES (ID, BIRTHDAY, EMAIL, FIRST_NAME, LAST_NAME, PASSWORD, PHONE)
VALUES (7, DATE	'1979-08-20', 'puzdoy@workshop.pro', 'Semion', 'Puzdoy',  '$2a$10$9wFRh0Sr4bu2JmWWX/3pjetFJOPmJf4kj2EyU65IxJUiN8TDqILH.', '1-924-77-42');

INSERT INTO INTERNAL.DEPARTMENTS_TO_POSITIONS (DEPARTMENT_ID, POSITION_ID) VALUES ( 1, 1 );
INSERT INTO INTERNAL.DEPARTMENTS_TO_POSITIONS (DEPARTMENT_ID, POSITION_ID) VALUES ( 2, 2 );
INSERT INTO INTERNAL.DEPARTMENTS_TO_POSITIONS (DEPARTMENT_ID, POSITION_ID) VALUES ( 2, 3 );
INSERT INTO INTERNAL.DEPARTMENTS_TO_POSITIONS (DEPARTMENT_ID, POSITION_ID) VALUES ( 3, 4 );
INSERT INTO INTERNAL.DEPARTMENTS_TO_POSITIONS (DEPARTMENT_ID, POSITION_ID) VALUES ( 3, 5 );
INSERT INTO INTERNAL.DEPARTMENTS_TO_POSITIONS (DEPARTMENT_ID, POSITION_ID) VALUES ( 4, 6 );
INSERT INTO INTERNAL.DEPARTMENTS_TO_POSITIONS (DEPARTMENT_ID, POSITION_ID) VALUES ( 4, 7 );

INSERT INTO INTERNAL.EMPLOYEES_TO_POSITIONS (EMPLOYEE_ID, POSITION_ID) VALUES ( 1, 1 );
INSERT INTO INTERNAL.EMPLOYEES_TO_POSITIONS (EMPLOYEE_ID, POSITION_ID) VALUES ( 2, 2 );
INSERT INTO INTERNAL.EMPLOYEES_TO_POSITIONS (EMPLOYEE_ID, POSITION_ID) VALUES ( 3, 3 );
INSERT INTO INTERNAL.EMPLOYEES_TO_POSITIONS (EMPLOYEE_ID, POSITION_ID) VALUES ( 4, 4 );
INSERT INTO INTERNAL.EMPLOYEES_TO_POSITIONS (EMPLOYEE_ID, POSITION_ID) VALUES ( 5, 5 );
INSERT INTO INTERNAL.EMPLOYEES_TO_POSITIONS (EMPLOYEE_ID, POSITION_ID) VALUES ( 6, 6 );
INSERT INTO INTERNAL.EMPLOYEES_TO_POSITIONS (EMPLOYEE_ID, POSITION_ID) VALUES ( 7, 7 );