-- HIBERNATE SPECIAL IMPORT AFTER ALL THE SCHEMAS HAVE BEEN SET FROM 'schema.sql' AND THE TABLES HAVE BEEN CREATED AUTOMATICALLY
-- SUPPORTS ONLY INLINE STRINGS!
-- TO ALLOW HIBERNATE READ MULTILINES SQL STATEMENTS ADD TO THE SPRING BOOT application.properties:
-- spring.jpa.properties.hibernate.hbm2ddl.import_files_sql_extractor=org.hibernate.tool.hbm2ddl.MultipleLinesSqlCommandExtractor

-- CREATE SCHEMA IF NOT EXISTS INTERNAL;
-- CREATE SCHEMA IF NOT EXISTS EXTERNAL;


INSERT INTO INTERNAL.INTERNAL_AUTHORITIES (ID, CREATED, AUTHORITY, DESCRIPTION)
VALUES (100, CURRENT_TIMESTAMP(), 'ADMINISTRATOR', 'Main access to all Workshop permissions.');

INSERT INTO INTERNAL.INTERNAL_AUTHORITIES (ID, CREATED, AUTHORITY, DESCRIPTION)
VALUES (101, CURRENT_TIMESTAMP(), 'ADMIN-READ', 'Department, Position, InternalAuthority, ExternalAuthority');

INSERT INTO INTERNAL.INTERNAL_AUTHORITIES (ID, CREATED, AUTHORITY, DESCRIPTION)
VALUES (102, CURRENT_TIMESTAMP(), 'ADMIN-WRITE', 'Department, Position, InternalAuthority, ExternalAuthority');

INSERT INTO INTERNAL.INTERNAL_AUTHORITIES (ID, CREATED, AUTHORITY, DESCRIPTION)
VALUES (103, CURRENT_TIMESTAMP(), 'ADMIN-FULL', 'Department, Position, InternalAuthority, ExternalAuthority');

INSERT INTO INTERNAL.INTERNAL_AUTHORITIES (ID, CREATED, AUTHORITY, DESCRIPTION)
VALUES (104, CURRENT_TIMESTAMP(), 'WORKSHOP-READ', 'Classifier, Task, Order, User, Phone');

INSERT INTO INTERNAL.INTERNAL_AUTHORITIES (ID, CREATED, AUTHORITY, DESCRIPTION)
VALUES (105, CURRENT_TIMESTAMP(), 'WORKSHOP-WRITE', 'Classifier, Task, Order, User, Phone');

INSERT INTO INTERNAL.INTERNAL_AUTHORITIES (ID, CREATED, AUTHORITY, DESCRIPTION)
VALUES (106, CURRENT_TIMESTAMP(), 'WORKSHOP-FULL', 'Classifier, Task, Order, User, Phone');

INSERT INTO INTERNAL.INTERNAL_AUTHORITIES (ID, CREATED, AUTHORITY, DESCRIPTION)
VALUES (107, CURRENT_TIMESTAMP(), 'HR-READ', 'Employee, User, Phone');

INSERT INTO INTERNAL.INTERNAL_AUTHORITIES (ID, CREATED, AUTHORITY, DESCRIPTION)
VALUES (108, CURRENT_TIMESTAMP(), 'HR-WRITE', 'Employee, User, Phone');

INSERT INTO INTERNAL.INTERNAL_AUTHORITIES (ID, CREATED, AUTHORITY, DESCRIPTION)
VALUES (109, CURRENT_TIMESTAMP(), 'HR-FULL', 'Employee, User, Phone');

VALUES (110, CURRENT_TIMESTAMP(), 'EMPLOYEE', 'Basic permission as the marker for being employed.');


INSERT INTO INTERNAL.DEPARTMENTS (ID, NAME, CREATED)
VALUES (1, 'SITE MANAGEMENT', CURRENT_TIMESTAMP());
INSERT INTO INTERNAL.DEPARTMENTS (ID, NAME, CREATED)
VALUES (2, 'HR', CURRENT_TIMESTAMP());
INSERT INTO INTERNAL.DEPARTMENTS (ID, NAME, CREATED)
VALUES (3, 'MANAGEMENT', CURRENT_TIMESTAMP());
INSERT INTO INTERNAL.DEPARTMENTS (ID, NAME, CREATED)
VALUES (4, 'TECHNICAL DEPARTMENT', CURRENT_TIMESTAMP());

-- ALL PASSWORDS ARE THE SAME AS BCryptPasswordEncoder.encode STRING "12345" FOR THE SIMPLICITY

INSERT INTO INTERNAL.EMPLOYEES (ID, BIRTHDAY, EMAIL, FIRST_NAME, LAST_NAME, PASSWORD, EMPLOYED, IS_ENABLED)
VALUES (21, DATE '1970-02-14', 'admin@workshop.pro', 'Feofan', 'Mudovski',
        '$2a$10$3ZP75a6hiK0jjPgIYSqDPeAHy954ynYFDK6OibhJg4Wc4F4JfVOqa', CURRENT_TIMESTAMP(), TRUE);
INSERT INTO INTERNAL.EMPLOYEES (ID, BIRTHDAY, EMAIL, FIRST_NAME, LAST_NAME, PASSWORD, EMPLOYED, IS_ENABLED)
VALUES (22, DATE '1985-11-18', 'neotlozhka@workshop.pro', 'Ambulatoriya', 'Neotlozhnaya',
        '$2a$10$IOQse1xvam3Wqm6MC5fc4.IxZNTnNLQXiRR4CRkOQ8ynkJakzHqqu', CURRENT_TIMESTAMP(), TRUE);
INSERT INTO INTERNAL.EMPLOYEES (ID, BIRTHDAY, EMAIL, FIRST_NAME, LAST_NAME, PASSWORD, EMPLOYED, IS_ENABLED)
VALUES (23, DATE '1999-01-05', 'bozhena@workshop.pro', 'Skolota', 'Bozhenova',
        '$2a$10$xT0XO4QAEwkdBQpExuYOXOq0uzSkxBvFiwPKXapsziUoGFQW0B4xS', CURRENT_TIMESTAMP(), TRUE);
INSERT INTO INTERNAL.EMPLOYEES (ID, BIRTHDAY, EMAIL, FIRST_NAME, LAST_NAME, PASSWORD, EMPLOYED, IS_ENABLED)
VALUES (24, DATE '1991-10-09', 'petro@workshop.pro', 'Oktavian', 'Petrov',
        '$2a$10$zvHjaq7bDWCD' || '.mAm/RPgDOK1F6Mp7RK5OvJPVyZpl96bbForV/LcG', CURRENT_TIMESTAMP(), TRUE);
INSERT INTO INTERNAL.EMPLOYEES (ID, BIRTHDAY, EMAIL, FIRST_NAME, LAST_NAME, PASSWORD, EMPLOYED, IS_ENABLED)
VALUES (25, DATE '1973-03-21', 'sobolev@workshop.pro', 'Kirill', 'Sobolev',
        '$2a$10$EgyGzvUTWH' || '.uOqTT6LkzgeixVYug7ixwZ85TbqXvtyoudCIlSP1v.', CURRENT_TIMESTAMP(), TRUE);
INSERT INTO INTERNAL.EMPLOYEES (ID, BIRTHDAY, EMAIL, FIRST_NAME, LAST_NAME, PASSWORD, EMPLOYED, IS_ENABLED)
VALUES (26, DATE '1983-07-25', 'kukushkin@workshop.pro', 'Leonid', 'Kukushkind',
        '$2a$10$5pGjiQHPqtinyM0PaIwjx' || '.NdNfK6vbBlzIk.6sLW9Z3UEmbj5Rz12', CURRENT_TIMESTAMP(), TRUE);
INSERT INTO INTERNAL.EMPLOYEES (ID, BIRTHDAY, EMAIL, FIRST_NAME, LAST_NAME, PASSWORD, EMPLOYED, IS_ENABLED)
VALUES (27, DATE '1979-08-20', 'puzdoy@workshop.pro', 'Semion', 'Puzdoy',
        '$2a$10$9wFRh0Sr4bu2JmWWX/3pjetFJOPmJf4kj2EyU65IxJUiN8TDqILH.', CURRENT_TIMESTAMP(), TRUE);


INSERT INTO INTERNAL.POSITIONS (ID, NAME, DESCRIPTION, CREATED, CREATED_BY, DEPARTMENT_ID)
VALUES (11, 'Administrator', 'Администратор сайта с доступом ко всем разделам.', CURRENT_TIMESTAMP(), 21, 1);
INSERT INTO INTERNAL.POSITIONS (ID, NAME, DESCRIPTION, CREATED, CREATED_BY, DEPARTMENT_ID)
VALUES (12, 'Senior personnel manager', 'Старший работник отдела кадров', CURRENT_TIMESTAMP(), 21, 2);
INSERT INTO INTERNAL.POSITIONS (ID, NAME, DESCRIPTION, CREATED, CREATED_BY, DEPARTMENT_ID)
VALUES (13, 'Personnel manager', 'Работник отдела кадров', CURRENT_TIMESTAMP(), 23, 2);
INSERT INTO INTERNAL.POSITIONS (ID, NAME, DESCRIPTION, CREATED, CREATED_BY, DEPARTMENT_ID)
VALUES (14, 'Senior manager', 'Старший менеджер по управлению заказами', CURRENT_TIMESTAMP(), 23, 3);
INSERT INTO INTERNAL.POSITIONS (ID, NAME, DESCRIPTION, CREATED, CREATED_BY, DEPARTMENT_ID)
VALUES (15, 'Manager', 'Менеджер по управлению заказами', CURRENT_TIMESTAMP(), 23, 3);
INSERT INTO INTERNAL.POSITIONS (ID, NAME, DESCRIPTION, CREATED, CREATED_BY, DEPARTMENT_ID)
VALUES (16, 'Senior technician', 'Старший техник', CURRENT_TIMESTAMP(), 21, 4);
INSERT INTO INTERNAL.POSITIONS (ID, NAME, DESCRIPTION, CREATED, CREATED_BY, DEPARTMENT_ID)
VALUES (17, 'Technician', 'Техник', CURRENT_TIMESTAMP(), 21, 4);


INSERT INTO INTERNAL.POSITIONS_TO_INTERNAL_AUTHORITIES (POSITION_ID, INTERNAL_AUTHORITY_ID)
VALUES (11, 100);
INSERT INTO INTERNAL.POSITIONS_TO_INTERNAL_AUTHORITIES (POSITION_ID, INTERNAL_AUTHORITY_ID)
VALUES (12, 107);
INSERT INTO INTERNAL.POSITIONS_TO_INTERNAL_AUTHORITIES (POSITION_ID, INTERNAL_AUTHORITY_ID)
VALUES (12, 108);
INSERT INTO INTERNAL.POSITIONS_TO_INTERNAL_AUTHORITIES (POSITION_ID, INTERNAL_AUTHORITY_ID)
VALUES (12, 109);
INSERT INTO INTERNAL.POSITIONS_TO_INTERNAL_AUTHORITIES (POSITION_ID, INTERNAL_AUTHORITY_ID)
VALUES (12, 101);
INSERT INTO INTERNAL.POSITIONS_TO_INTERNAL_AUTHORITIES (POSITION_ID, INTERNAL_AUTHORITY_ID)
VALUES (12, 102);
INSERT INTO INTERNAL.POSITIONS_TO_INTERNAL_AUTHORITIES (POSITION_ID, INTERNAL_AUTHORITY_ID)
VALUES (13, 107);
INSERT INTO INTERNAL.POSITIONS_TO_INTERNAL_AUTHORITIES (POSITION_ID, INTERNAL_AUTHORITY_ID)
VALUES (13, 108);
INSERT INTO INTERNAL.POSITIONS_TO_INTERNAL_AUTHORITIES (POSITION_ID, INTERNAL_AUTHORITY_ID)
VALUES (13, 101);
INSERT INTO INTERNAL.POSITIONS_TO_INTERNAL_AUTHORITIES (POSITION_ID, INTERNAL_AUTHORITY_ID)
VALUES (13, 104);
INSERT INTO INTERNAL.POSITIONS_TO_INTERNAL_AUTHORITIES (POSITION_ID, INTERNAL_AUTHORITY_ID)
VALUES (14, 104);
INSERT INTO INTERNAL.POSITIONS_TO_INTERNAL_AUTHORITIES (POSITION_ID, INTERNAL_AUTHORITY_ID)
VALUES (14, 105);
INSERT INTO INTERNAL.POSITIONS_TO_INTERNAL_AUTHORITIES (POSITION_ID, INTERNAL_AUTHORITY_ID)
VALUES (14, 106);
INSERT INTO INTERNAL.POSITIONS_TO_INTERNAL_AUTHORITIES (POSITION_ID, INTERNAL_AUTHORITY_ID)
VALUES (14, 107);
INSERT INTO INTERNAL.POSITIONS_TO_INTERNAL_AUTHORITIES (POSITION_ID, INTERNAL_AUTHORITY_ID)
VALUES (14, 101);
INSERT INTO INTERNAL.POSITIONS_TO_INTERNAL_AUTHORITIES (POSITION_ID, INTERNAL_AUTHORITY_ID)
VALUES (15, 104);
INSERT INTO INTERNAL.POSITIONS_TO_INTERNAL_AUTHORITIES (POSITION_ID, INTERNAL_AUTHORITY_ID)
VALUES (15, 105);
INSERT INTO INTERNAL.POSITIONS_TO_INTERNAL_AUTHORITIES (POSITION_ID, INTERNAL_AUTHORITY_ID)
VALUES (16, 104);
INSERT INTO INTERNAL.POSITIONS_TO_INTERNAL_AUTHORITIES (POSITION_ID, INTERNAL_AUTHORITY_ID)
VALUES (16, 105);
INSERT INTO INTERNAL.POSITIONS_TO_INTERNAL_AUTHORITIES (POSITION_ID, INTERNAL_AUTHORITY_ID)
VALUES (17, 104);


INSERT INTO INTERNAL.PHONES (ID, NAME, PHONE, EMPLOYEE_ID, CREATED)
VALUES (31, 'Mobile', '1-234-56-35', 21, CURRENT_TIMESTAMP());
INSERT INTO INTERNAL.PHONES (ID, NAME, PHONE, EMPLOYEE_ID, CREATED)
VALUES (32, 'Mobile', '1-863-45-23', 22, CURRENT_TIMESTAMP());
INSERT INTO INTERNAL.PHONES (ID, NAME, PHONE, EMPLOYEE_ID, CREATED)
VALUES (33, 'Mobile', '1-843-42-58', 22, CURRENT_TIMESTAMP());
INSERT INTO INTERNAL.PHONES (ID, NAME, PHONE, EMPLOYEE_ID, CREATED)
VALUES (34, 'Mobile', '1-356-35-38', 23, CURRENT_TIMESTAMP());
INSERT INTO INTERNAL.PHONES (ID, NAME, PHONE, EMPLOYEE_ID, CREATED)
VALUES (35, 'Mobile', '1-864-34-34', 24, CURRENT_TIMESTAMP());
INSERT INTO INTERNAL.PHONES (ID, NAME, PHONE, EMPLOYEE_ID, CREATED)
VALUES (36, 'Mobile', '1-883-25-53', 24, CURRENT_TIMESTAMP());
INSERT INTO INTERNAL.PHONES (ID, NAME, PHONE, EMPLOYEE_ID, CREATED)
VALUES (37, 'Mobile', '1-267-46-53', 25, CURRENT_TIMESTAMP());
INSERT INTO INTERNAL.PHONES (ID, NAME, PHONE, EMPLOYEE_ID, CREATED)
VALUES (38, 'Mobile', '1-927-93-82', 25, CURRENT_TIMESTAMP());
INSERT INTO INTERNAL.PHONES (ID, NAME, PHONE, EMPLOYEE_ID, CREATED)
VALUES (39, 'Mobile', '1-294-72-99', 26, CURRENT_TIMESTAMP());
INSERT INTO INTERNAL.PHONES (ID, NAME, PHONE, EMPLOYEE_ID, CREATED)
VALUES (40, 'Mobile', '1-924-77-42', 27, CURRENT_TIMESTAMP());
INSERT INTO INTERNAL.PHONES (ID, NAME, PHONE, EMPLOYEE_ID, CREATED)
VALUES (41, 'Mobile', '1-864-72-62', 27, CURRENT_TIMESTAMP());


INSERT INTO INTERNAL.EMPLOYEES_TO_POSITIONS (EMPLOYEE_ID, POSITION_ID)
VALUES (21, 11);
INSERT INTO INTERNAL.EMPLOYEES_TO_POSITIONS (EMPLOYEE_ID, POSITION_ID)
VALUES (22, 12);
INSERT INTO INTERNAL.EMPLOYEES_TO_POSITIONS (EMPLOYEE_ID, POSITION_ID)
VALUES (23, 13);
INSERT INTO INTERNAL.EMPLOYEES_TO_POSITIONS (EMPLOYEE_ID, POSITION_ID)
VALUES (24, 14);
INSERT INTO INTERNAL.EMPLOYEES_TO_POSITIONS (EMPLOYEE_ID, POSITION_ID)
VALUES (25, 15);
INSERT INTO INTERNAL.EMPLOYEES_TO_POSITIONS (EMPLOYEE_ID, POSITION_ID)
VALUES (26, 16);
INSERT INTO INTERNAL.EMPLOYEES_TO_POSITIONS (EMPLOYEE_ID, POSITION_ID)
VALUES (27, 17);


INSERT INTO EXTERNAL.EXTERNAL_AUTHORITIES (ID, CREATED, AUTHORITY, DESCRIPTION)
VALUES (120, CURRENT_TIMESTAMP(), 'READ-PROFILE', 'Self profile reading');

INSERT INTO EXTERNAL.EXTERNAL_AUTHORITIES (ID, CREATED, AUTHORITY, DESCRIPTION)
VALUES (121, CURRENT_TIMESTAMP(), 'WRITE-PROFILE', 'Self profile writing');

INSERT INTO EXTERNAL.EXTERNAL_AUTHORITIES (ID, CREATED, AUTHORITY, DESCRIPTION)
VALUES (122, CURRENT_TIMESTAMP(), 'READ-ORDER', 'Order and Task reading.');

INSERT INTO EXTERNAL.EXTERNAL_AUTHORITIES (ID, CREATED, AUTHORITY, DESCRIPTION)
VALUES (123, CURRENT_TIMESTAMP(), 'WRITE-ORDER', 'Order and Task creation.');


INSERT INTO EXTERNAL.USERS (ID, BIRTHDAY, CREATED, EMAIL, FIRST_NAME, LAST_NAME, PASSWORD)
VALUES (91, CURRENT_DATE, CURRENT_TIMESTAMP(), 'userOne@mail.pro', 'UserOneFirst', 'UserOneLast',
        '$2a$10$xT0XO4QAEwkdBQpExuYOXOq0uzSkxBvFiwPKXapsziUoGFQW0B4xS');
INSERT INTO EXTERNAL.USERS (ID, BIRTHDAY, CREATED, EMAIL, FIRST_NAME, LAST_NAME, PASSWORD)
VALUES (92, CURRENT_DATE, CURRENT_TIMESTAMP(), 'userTwo@meail.pro', 'UserTwoFirst', 'UserTwoLast',
        '$2a$10$xT0XO4QAEwkdBQpExuYOXOq0uzSkxBvFiwPKXapsziUoGFQW0B4xS');
INSERT INTO EXTERNAL.USERS (ID, BIRTHDAY, CREATED, EMAIL, FIRST_NAME, LAST_NAME, PASSWORD)
VALUES (93, CURRENT_DATE, CURRENT_TIMESTAMP(), 'userThree@mailto.ru', 'UserThreeFirst', 'UserThreeLast',
        '$2a$10$xT0XO4QAEwkdBQpExuYOXOq0uzSkxBvFiwPKXapsziUoGFQW0B4xS');
INSERT INTO EXTERNAL.USERS (ID, BIRTHDAY, CREATED, EMAIL, FIRST_NAME, LAST_NAME, PASSWORD)
VALUES (94, CURRENT_DATE, CURRENT_TIMESTAMP(), 'userFour@mail.eu', 'UserFourFirst', 'UserFourLast',
        '$2a$10$xT0XO4QAEwkdBQpExuYOXOq0uzSkxBvFiwPKXapsziUoGFQW0B4xS');
INSERT INTO EXTERNAL.USERS (ID, BIRTHDAY, CREATED, EMAIL, FIRST_NAME, LAST_NAME, PASSWORD)
VALUES (95, CURRENT_DATE, CURRENT_TIMESTAMP(), 'userFive@mailing.org', 'UserFiveFirst', 'UserFiveLast',
        '$2a$10$xT0XO4QAEwkdBQpExuYOXOq0uzSkxBvFiwPKXapsziUoGFQW0B4xS');
INSERT INTO EXTERNAL.USERS (ID, BIRTHDAY, CREATED, EMAIL, FIRST_NAME, LAST_NAME, PASSWORD)
VALUES (96, CURRENT_DATE, CURRENT_TIMESTAMP(), 'userSix@mail.prod', 'UserSixFirst', 'UserSixLast',
        '$2a$10$xT0XO4QAEwkdBQpExuYOXOq0uzSkxBvFiwPKXapsziUoGFQW0B4xS');
INSERT INTO EXTERNAL.USERS (ID, BIRTHDAY, CREATED, EMAIL, FIRST_NAME, LAST_NAME, PASSWORD)
VALUES (97, CURRENT_DATE, CURRENT_TIMESTAMP(), 'userSeven@email.lv', 'UserSevenFirst', 'UserSevenLast',
        '$2a$10$xT0XO4QAEwkdBQpExuYOXOq0uzSkxBvFiwPKXapsziUoGFQW0B4xS');
INSERT INTO EXTERNAL.USERS (ID, BIRTHDAY, CREATED, EMAIL, FIRST_NAME, LAST_NAME, PASSWORD)
VALUES (98, CURRENT_DATE, CURRENT_TIMESTAMP(), 'userEight@email.alb', 'UserEightFirst', 'UserEightLast',
        '$2a$10$xT0XO4QAEwkdBQpExuYOXOq0uzSkxBvFiwPKXapsziUoGFQW0B4xS');
INSERT INTO EXTERNAL.USERS (ID, BIRTHDAY, CREATED, EMAIL, FIRST_NAME, LAST_NAME, PASSWORD)
VALUES (99, CURRENT_DATE, CURRENT_TIMESTAMP(), 'userNine@pro.mail', 'UserNineFirst', 'UserNineLast',
        '$2a$10$xT0XO4QAEwkdBQpExuYOXOq0uzSkxBvFiwPKXapsziUoGFQW0B4xS');


INSERT INTO EXTERNAL.USERS_TO_EXTERNAL_AUTHORITIES (USER_ID, EXTERNAL_AUTHORITY_ID)
VALUES (91, 120);
INSERT INTO EXTERNAL.USERS_TO_EXTERNAL_AUTHORITIES (USER_ID, EXTERNAL_AUTHORITY_ID)
VALUES (91, 121);
INSERT INTO EXTERNAL.USERS_TO_EXTERNAL_AUTHORITIES (USER_ID, EXTERNAL_AUTHORITY_ID)
VALUES (91, 122);
INSERT INTO EXTERNAL.USERS_TO_EXTERNAL_AUTHORITIES (USER_ID, EXTERNAL_AUTHORITY_ID)
VALUES (91, 123);
INSERT INTO EXTERNAL.USERS_TO_EXTERNAL_AUTHORITIES (USER_ID, EXTERNAL_AUTHORITY_ID)
VALUES (92, 120);
INSERT INTO EXTERNAL.USERS_TO_EXTERNAL_AUTHORITIES (USER_ID, EXTERNAL_AUTHORITY_ID)
VALUES (92, 121);
INSERT INTO EXTERNAL.USERS_TO_EXTERNAL_AUTHORITIES (USER_ID, EXTERNAL_AUTHORITY_ID)
VALUES (92, 122);
INSERT INTO EXTERNAL.USERS_TO_EXTERNAL_AUTHORITIES (USER_ID, EXTERNAL_AUTHORITY_ID)
VALUES (92, 123);
INSERT INTO EXTERNAL.USERS_TO_EXTERNAL_AUTHORITIES (USER_ID, EXTERNAL_AUTHORITY_ID)
VALUES (93, 120);
INSERT INTO EXTERNAL.USERS_TO_EXTERNAL_AUTHORITIES (USER_ID, EXTERNAL_AUTHORITY_ID)
VALUES (93, 122);
INSERT INTO EXTERNAL.USERS_TO_EXTERNAL_AUTHORITIES (USER_ID, EXTERNAL_AUTHORITY_ID)
VALUES (93, 123);
INSERT INTO EXTERNAL.USERS_TO_EXTERNAL_AUTHORITIES (USER_ID, EXTERNAL_AUTHORITY_ID)
VALUES (94, 120);
INSERT INTO EXTERNAL.USERS_TO_EXTERNAL_AUTHORITIES (USER_ID, EXTERNAL_AUTHORITY_ID)
VALUES (94, 121);
INSERT INTO EXTERNAL.USERS_TO_EXTERNAL_AUTHORITIES (USER_ID, EXTERNAL_AUTHORITY_ID)
VALUES (94, 122);
INSERT INTO EXTERNAL.USERS_TO_EXTERNAL_AUTHORITIES (USER_ID, EXTERNAL_AUTHORITY_ID)
VALUES (94, 123);
INSERT INTO EXTERNAL.USERS_TO_EXTERNAL_AUTHORITIES (USER_ID, EXTERNAL_AUTHORITY_ID)
VALUES (95, 120);
INSERT INTO EXTERNAL.USERS_TO_EXTERNAL_AUTHORITIES (USER_ID, EXTERNAL_AUTHORITY_ID)
VALUES (95, 121);
INSERT INTO EXTERNAL.USERS_TO_EXTERNAL_AUTHORITIES (USER_ID, EXTERNAL_AUTHORITY_ID)
VALUES (95, 122);
INSERT INTO EXTERNAL.USERS_TO_EXTERNAL_AUTHORITIES (USER_ID, EXTERNAL_AUTHORITY_ID)
VALUES (96, 120);
INSERT INTO EXTERNAL.USERS_TO_EXTERNAL_AUTHORITIES (USER_ID, EXTERNAL_AUTHORITY_ID)
VALUES (96, 121);
INSERT INTO EXTERNAL.USERS_TO_EXTERNAL_AUTHORITIES (USER_ID, EXTERNAL_AUTHORITY_ID)
VALUES (96, 122);
INSERT INTO EXTERNAL.USERS_TO_EXTERNAL_AUTHORITIES (USER_ID, EXTERNAL_AUTHORITY_ID)
VALUES (96, 123);
INSERT INTO EXTERNAL.USERS_TO_EXTERNAL_AUTHORITIES (USER_ID, EXTERNAL_AUTHORITY_ID)
VALUES (97, 120);
INSERT INTO EXTERNAL.USERS_TO_EXTERNAL_AUTHORITIES (USER_ID, EXTERNAL_AUTHORITY_ID)
VALUES (97, 121);
INSERT INTO EXTERNAL.USERS_TO_EXTERNAL_AUTHORITIES (USER_ID, EXTERNAL_AUTHORITY_ID)
VALUES (97, 122);
INSERT INTO EXTERNAL.USERS_TO_EXTERNAL_AUTHORITIES (USER_ID, EXTERNAL_AUTHORITY_ID)
VALUES (97, 123);
INSERT INTO EXTERNAL.USERS_TO_EXTERNAL_AUTHORITIES (USER_ID, EXTERNAL_AUTHORITY_ID)
VALUES (98, 120);
INSERT INTO EXTERNAL.USERS_TO_EXTERNAL_AUTHORITIES (USER_ID, EXTERNAL_AUTHORITY_ID)
VALUES (98, 122);


INSERT INTO INTERNAL.ORDERS (ID, CREATED, DEADLINE, DESCRIPTION, CREATED_BY, MODIFIED_BY, CREATED_FOR_ID)
VALUES (51, CURRENT_TIMESTAMP(), CURRENT_TIMESTAMP(), 'Order one', 24, 25, 91);
INSERT INTO INTERNAL.ORDERS (ID, CREATED, FINISHED, DEADLINE, DESCRIPTION, OVERALL_PRICE, CREATED_BY, MODIFIED_BY,
                             CREATED_FOR_ID)
VALUES (52, CURRENT_TIMESTAMP(), CURRENT_TIMESTAMP(), CURRENT_TIMESTAMP(), 'Order two', 78.56, 27, 25, 92);
INSERT INTO INTERNAL.ORDERS (ID, CREATED, FINISHED, DEADLINE, DESCRIPTION, OVERALL_PRICE, CREATED_BY, MODIFIED_BY,
                             CREATED_FOR_ID)
VALUES (53, CURRENT_TIMESTAMP(), CURRENT_TIMESTAMP(), CURRENT_TIMESTAMP(), 'Order three', 25.50, 22, 26, 93);